2025-08-26T13:28:14.987+09:00  INFO 22120 --- [MySpringBoot3Project] [restartedMain] c.r.m.MySpringBoot3ProjectApplication    : Starting MySpringBoot3ProjectApplication using Java 24.0.2 with PID 22120 (C:\mybackend\SpringBoot\MySpringBoot3Project (1)\MySpringBoot3Project\target\classes started by user in C:\mybackend\SpringBoot\MySpringBoot3Project (1)\MySpringBoot3Project)
2025-08-26T13:28:15.000+09:00  INFO 22120 --- [MySpringBoot3Project] [restartedMain] c.r.m.MySpringBoot3ProjectApplication    : The following 1 profile is active: "prod"
2025-08-26T13:28:15.069+09:00  INFO 22120 --- [MySpringBoot3Project] [restartedMain] .e.DevToolsPropertyDefaultsPostProcessor : Devtools property defaults active! Set 'spring.devtools.add-properties' to 'false' to disable
2025-08-26T13:28:15.069+09:00  INFO 22120 --- [MySpringBoot3Project] [restartedMain] .e.DevToolsPropertyDefaultsPostProcessor : For additional web related logging consider setting the 'logging.level.web' property to 'DEBUG'
2025-08-26T13:28:16.204+09:00  INFO 22120 --- [MySpringBoot3Project] [restartedMain] .s.d.r.c.RepositoryConfigurationDelegate : Bootstrapping Spring Data JPA repositories in DEFAULT mode.
2025-08-26T13:28:16.272+09:00  INFO 22120 --- [MySpringBoot3Project] [restartedMain] .s.d.r.c.RepositoryConfigurationDelegate : Finished Spring Data repository scanning in 56 ms. Found 4 JPA repository interfaces.
2025-08-26T13:28:17.078+09:00  INFO 22120 --- [MySpringBoot3Project] [restartedMain] o.s.b.w.e.t.TomcatWebServer              : Tomcat initialized with port 8080 (http)
2025-08-26T13:28:17.106+09:00  INFO 22120 --- [MySpringBoot3Project] [restartedMain] o.a.c.c.StandardService                  : Starting service [Tomcat]
2025-08-26T13:28:17.107+09:00  INFO 22120 --- [MySpringBoot3Project] [restartedMain] o.a.c.c.StandardEngine                   : Starting Servlet engine: [Apache Tomcat/10.1.43]
2025-08-26T13:28:17.167+09:00  INFO 22120 --- [MySpringBoot3Project] [restartedMain] o.a.c.c.C.[.[.[/]                        : Initializing Spring embedded WebApplicationContext
2025-08-26T13:28:17.168+09:00  INFO 22120 --- [MySpringBoot3Project] [restartedMain] w.s.c.ServletWebServerApplicationContext : Root WebApplicationContext: initialization completed in 2098 ms
2025-08-26T13:28:17.486+09:00  INFO 22120 --- [MySpringBoot3Project] [restartedMain] c.z.h.HikariDataSource                   : HikariPool-1 - Starting...
2025-08-26T13:28:17.695+09:00  INFO 22120 --- [MySpringBoot3Project] [restartedMain] c.z.h.p.HikariPool                       : HikariPool-1 - Added connection conn0: url=jdbc:h2:mem:02337e32-8e54-4a0c-8986-6ce4f0342d13 user=SA
2025-08-26T13:28:17.697+09:00  INFO 22120 --- [MySpringBoot3Project] [restartedMain] c.z.h.HikariDataSource                   : HikariPool-1 - Start completed.
2025-08-26T13:28:17.757+09:00  INFO 22120 --- [MySpringBoot3Project] [restartedMain] o.h.j.i.u.LogHelper                      : HHH000204: Processing PersistenceUnitInfo [name: default]
2025-08-26T13:28:17.830+09:00  INFO 22120 --- [MySpringBoot3Project] [restartedMain] o.h.Version                              : HHH000412: Hibernate ORM core version 6.6.22.Final
2025-08-26T13:28:17.864+09:00  INFO 22120 --- [MySpringBoot3Project] [restartedMain] o.h.c.i.RegionFactoryInitiator           : HHH000026: Second-level cache disabled
2025-08-26T13:28:18.122+09:00  INFO 22120 --- [MySpringBoot3Project] [restartedMain] o.s.o.j.p.SpringPersistenceUnitInfo      : No LoadTimeWeaver setup: ignoring JPA class transformer
2025-08-26T13:28:18.194+09:00  INFO 22120 --- [MySpringBoot3Project] [restartedMain] o.h.o.c.pooling                          : HHH10001005: Database info:
	Database JDBC URL [Connecting through datasource 'HikariDataSource (HikariPool-1)']
	Database driver: undefined/unknown
	Database version: 2.3.232
	Autocommit mode: undefined/unknown
	Isolation level: undefined/unknown
	Minimum pool size: undefined/unknown
	Maximum pool size: undefined/unknown
2025-08-26T13:28:18.984+09:00  INFO 22120 --- [MySpringBoot3Project] [restartedMain] o.h.e.t.j.p.i.JtaPlatformInitiator       : HHH000489: No JTA platform available (set 'hibernate.transaction.jta.platform' to enable JTA platform integration)
2025-08-26T13:28:19.028+09:00  INFO 22120 --- [MySpringBoot3Project] [restartedMain] j.LocalContainerEntityManagerFactoryBean : Initialized JPA EntityManagerFactory for persistence unit 'default'
2025-08-26T13:28:19.424+09:00  INFO 22120 --- [MySpringBoot3Project] [restartedMain] o.s.d.j.r.q.QueryEnhancerFactory         : Hibernate is in classpath; If applicable, HQL parser will be used.
2025-08-26T13:28:19.931+09:00  WARN 22120 --- [MySpringBoot3Project] [restartedMain] ConfigServletWebServerApplicationContext : Exception encountered during context initialization - cancelling refresh attempt: org.springframework.beans.factory.BeanCreationException: Error creating bean with name 'myPropsRunner': Injection of autowired dependencies failed
2025-08-26T13:28:19.931+09:00  INFO 22120 --- [MySpringBoot3Project] [restartedMain] j.LocalContainerEntityManagerFactoryBean : Closing JPA EntityManagerFactory for persistence unit 'default'
2025-08-26T13:28:19.941+09:00  WARN 22120 --- [MySpringBoot3Project] [restartedMain] o.s.b.f.s.DisposableBeanAdapter          : Invocation of destroy method failed on bean with name 'inMemoryDatabaseShutdownExecutor': org.h2.jdbc.JdbcSQLNonTransientConnectionException: Database is already closed (to disable automatic closing at VM shutdown, add ";DB_CLOSE_ON_EXIT=FALSE" to the db URL) [90121-232]
2025-08-26T13:28:19.941+09:00  INFO 22120 --- [MySpringBoot3Project] [restartedMain] c.z.h.HikariDataSource                   : HikariPool-1 - Shutdown initiated...
2025-08-26T13:28:19.943+09:00  INFO 22120 --- [MySpringBoot3Project] [restartedMain] c.z.h.HikariDataSource                   : HikariPool-1 - Shutdown completed.
2025-08-26T13:28:19.948+09:00  INFO 22120 --- [MySpringBoot3Project] [restartedMain] o.a.c.c.StandardService                  : Stopping service [Tomcat]
2025-08-26T13:28:19.969+09:00  INFO 22120 --- [MySpringBoot3Project] [restartedMain] .s.b.a.l.ConditionEvaluationReportLogger : 

Error starting ApplicationContext. To display the condition evaluation report re-run your application with 'debug' enabled.
2025-08-26T13:28:19.989+09:00 ERROR 22120 --- [MySpringBoot3Project] [restartedMain] o.s.b.SpringApplication                  : Application run failed

org.springframework.beans.factory.BeanCreationException: Error creating bean with name 'myPropsRunner': Injection of autowired dependencies failed
	at org.springframework.beans.factory.annotation.AutowiredAnnotationBeanPostProcessor.postProcessProperties(AutowiredAnnotationBeanPostProcessor.java:515) ~[spring-beans-6.2.8.jar:6.2.8]
	at org.springframework.beans.factory.support.AbstractAutowireCapableBeanFactory.populateBean(AbstractAutowireCapableBeanFactory.java:1459) ~[spring-beans-6.2.8.jar:6.2.8]
	at org.springframework.beans.factory.support.AbstractAutowireCapableBeanFactory.doCreateBean(AbstractAutowireCapableBeanFactory.java:606) ~[spring-beans-6.2.8.jar:6.2.8]
	at org.springframework.beans.factory.support.AbstractAutowireCapableBeanFactory.createBean(AbstractAutowireCapableBeanFactory.java:529) ~[spring-beans-6.2.8.jar:6.2.8]
	at org.springframework.beans.factory.support.AbstractBeanFactory.lambda$doGetBean$0(AbstractBeanFactory.java:339) ~[spring-beans-6.2.8.jar:6.2.8]
	at org.springframework.beans.factory.support.DefaultSingletonBeanRegistry.getSingleton(DefaultSingletonBeanRegistry.java:373) ~[spring-beans-6.2.8.jar:6.2.8]
	at org.springframework.beans.factory.support.AbstractBeanFactory.doGetBean(AbstractBeanFactory.java:337) ~[spring-beans-6.2.8.jar:6.2.8]
	at org.springframework.beans.factory.support.AbstractBeanFactory.getBean(AbstractBeanFactory.java:202) ~[spring-beans-6.2.8.jar:6.2.8]
	at org.springframework.beans.factory.support.DefaultListableBeanFactory.instantiateSingleton(DefaultListableBeanFactory.java:1222) ~[spring-beans-6.2.8.jar:6.2.8]
	at org.springframework.beans.factory.support.DefaultListableBeanFactory.preInstantiateSingleton(DefaultListableBeanFactory.java:1188) ~[spring-beans-6.2.8.jar:6.2.8]
	at org.springframework.beans.factory.support.DefaultListableBeanFactory.preInstantiateSingletons(DefaultListableBeanFactory.java:1123) ~[spring-beans-6.2.8.jar:6.2.8]
	at org.springframework.context.support.AbstractApplicationContext.finishBeanFactoryInitialization(AbstractApplicationContext.java:987) ~[spring-context-6.2.8.jar:6.2.8]
	at org.springframework.context.support.AbstractApplicationContext.refresh(AbstractApplicationContext.java:627) ~[spring-context-6.2.8.jar:6.2.8]
	at org.springframework.boot.web.servlet.context.ServletWebServerApplicationContext.refresh(ServletWebServerApplicationContext.java:146) ~[spring-boot-3.4.8.jar:3.4.8]
	at org.springframework.boot.SpringApplication.refresh(SpringApplication.java:752) [spring-boot-3.4.8.jar:3.4.8]
	at org.springframework.boot.SpringApplication.refreshContext(SpringApplication.java:439) [spring-boot-3.4.8.jar:3.4.8]
	at org.springframework.boot.SpringApplication.run(SpringApplication.java:318) [spring-boot-3.4.8.jar:3.4.8]
	at org.springframework.boot.SpringApplication.run(SpringApplication.java:1361) [spring-boot-3.4.8.jar:3.4.8]
	at org.springframework.boot.SpringApplication.run(SpringApplication.java:1350) [spring-boot-3.4.8.jar:3.4.8]
	at com.rookies4.myspringboot.MySpringBoot3ProjectApplication.main(MySpringBoot3ProjectApplication.java:10) [classes/:?]
	at java.base/jdk.internal.reflect.DirectMethodHandleAccessor.invoke(DirectMethodHandleAccessor.java:104) ~[?:?]
	at java.base/java.lang.reflect.Method.invoke(Method.java:565) ~[?:?]
	at org.springframework.boot.devtools.restart.RestartLauncher.run(RestartLauncher.java:50) [spring-boot-devtools-3.4.8.jar:3.4.8]
Caused by: org.springframework.util.PlaceholderResolutionException: Could not resolve placeholder 'myboot.name' in value "${myboot.name}"
	at org.springframework.util.PlaceholderResolutionException.withValue(PlaceholderResolutionException.java:81) ~[spring-core-6.2.8.jar:6.2.8]
	at org.springframework.util.PlaceholderParser$ParsedValue.resolve(PlaceholderParser.java:423) ~[spring-core-6.2.8.jar:6.2.8]
	at org.springframework.util.PlaceholderParser.replacePlaceholders(PlaceholderParser.java:128) ~[spring-core-6.2.8.jar:6.2.8]
	at org.springframework.util.PropertyPlaceholderHelper.parseStringValue(PropertyPlaceholderHelper.java:118) ~[spring-core-6.2.8.jar:6.2.8]
	at org.springframework.util.PropertyPlaceholderHelper.replacePlaceholders(PropertyPlaceholderHelper.java:114) ~[spring-core-6.2.8.jar:6.2.8]
	at org.springframework.core.env.AbstractPropertyResolver.doResolvePlaceholders(AbstractPropertyResolver.java:293) ~[spring-core-6.2.8.jar:6.2.8]
	at org.springframework.core.env.AbstractPropertyResolver.resolveRequiredPlaceholders(AbstractPropertyResolver.java:264) ~[spring-core-6.2.8.jar:6.2.8]
	at org.springframework.context.support.PropertySourcesPlaceholderConfigurer.lambda$processProperties$0(PropertySourcesPlaceholderConfigurer.java:186) ~[spring-context-6.2.8.jar:6.2.8]
	at org.springframework.beans.factory.support.AbstractBeanFactory.resolveEmbeddedValue(AbstractBeanFactory.java:971) ~[spring-beans-6.2.8.jar:6.2.8]
	at org.springframework.beans.factory.support.DefaultListableBeanFactory.doResolveDependency(DefaultListableBeanFactory.java:1650) ~[spring-beans-6.2.8.jar:6.2.8]
	at org.springframework.beans.factory.support.DefaultListableBeanFactory.resolveDependency(DefaultListableBeanFactory.java:1628) ~[spring-beans-6.2.8.jar:6.2.8]
	at org.springframework.beans.factory.annotation.AutowiredAnnotationBeanPostProcessor$AutowiredFieldElement.resolveFieldValue(AutowiredAnnotationBeanPostProcessor.java:785) ~[spring-beans-6.2.8.jar:6.2.8]
	at org.springframework.beans.factory.annotation.AutowiredAnnotationBeanPostProcessor$AutowiredFieldElement.inject(AutowiredAnnotationBeanPostProcessor.java:768) ~[spring-beans-6.2.8.jar:6.2.8]
	at org.springframework.beans.factory.annotation.InjectionMetadata.inject(InjectionMetadata.java:146) ~[spring-beans-6.2.8.jar:6.2.8]
	at org.springframework.beans.factory.annotation.AutowiredAnnotationBeanPostProcessor.postProcessProperties(AutowiredAnnotationBeanPostProcessor.java:509) ~[spring-beans-6.2.8.jar:6.2.8]
	... 22 more

2025-08-26T13:32:07.858+09:00  INFO 19856 --- [MySpringBoot3Project] [restartedMain] c.r.m.MySpringBoot3ProjectApplication    : Starting MySpringBoot3ProjectApplication using Java 24.0.2 with PID 19856 (C:\mybackend\SpringBoot\MySpringBoot3Project (1)\MySpringBoot3Project\target\classes started by user in C:\mybackend\SpringBoot\MySpringBoot3Project (1)\MySpringBoot3Project)
2025-08-26T13:32:07.864+09:00  INFO 19856 --- [MySpringBoot3Project] [restartedMain] c.r.m.MySpringBoot3ProjectApplication    : The following 1 profile is active: "prod"
2025-08-26T13:32:07.903+09:00  INFO 19856 --- [MySpringBoot3Project] [restartedMain] .e.DevToolsPropertyDefaultsPostProcessor : Devtools property defaults active! Set 'spring.devtools.add-properties' to 'false' to disable
2025-08-26T13:32:07.903+09:00  INFO 19856 --- [MySpringBoot3Project] [restartedMain] .e.DevToolsPropertyDefaultsPostProcessor : For additional web related logging consider setting the 'logging.level.web' property to 'DEBUG'
2025-08-26T13:32:08.971+09:00  INFO 19856 --- [MySpringBoot3Project] [restartedMain] .s.d.r.c.RepositoryConfigurationDelegate : Bootstrapping Spring Data JPA repositories in DEFAULT mode.
2025-08-26T13:32:09.045+09:00  INFO 19856 --- [MySpringBoot3Project] [restartedMain] .s.d.r.c.RepositoryConfigurationDelegate : Finished Spring Data repository scanning in 62 ms. Found 4 JPA repository interfaces.
2025-08-26T13:32:09.734+09:00  INFO 19856 --- [MySpringBoot3Project] [restartedMain] o.s.b.w.e.t.TomcatWebServer              : Tomcat initialized with port 8080 (http)
2025-08-26T13:32:09.760+09:00  INFO 19856 --- [MySpringBoot3Project] [restartedMain] o.a.c.c.StandardService                  : Starting service [Tomcat]
2025-08-26T13:32:09.761+09:00  INFO 19856 --- [MySpringBoot3Project] [restartedMain] o.a.c.c.StandardEngine                   : Starting Servlet engine: [Apache Tomcat/10.1.43]
2025-08-26T13:32:09.819+09:00  INFO 19856 --- [MySpringBoot3Project] [restartedMain] o.a.c.c.C.[.[.[/]                        : Initializing Spring embedded WebApplicationContext
2025-08-26T13:32:09.821+09:00  INFO 19856 --- [MySpringBoot3Project] [restartedMain] w.s.c.ServletWebServerApplicationContext : Root WebApplicationContext: initialization completed in 1917 ms
2025-08-26T13:32:10.115+09:00  INFO 19856 --- [MySpringBoot3Project] [restartedMain] c.z.h.HikariDataSource                   : HikariPool-1 - Starting...
2025-08-26T13:32:10.307+09:00  INFO 19856 --- [MySpringBoot3Project] [restartedMain] c.z.h.p.HikariPool                       : HikariPool-1 - Added connection conn0: url=jdbc:h2:mem:9d903cba-0ad5-41a4-82f2-4b8b325410d4 user=SA
2025-08-26T13:32:10.309+09:00  INFO 19856 --- [MySpringBoot3Project] [restartedMain] c.z.h.HikariDataSource                   : HikariPool-1 - Start completed.
2025-08-26T13:32:10.360+09:00  INFO 19856 --- [MySpringBoot3Project] [restartedMain] o.h.j.i.u.LogHelper                      : HHH000204: Processing PersistenceUnitInfo [name: default]
2025-08-26T13:32:10.421+09:00  INFO 19856 --- [MySpringBoot3Project] [restartedMain] o.h.Version                              : HHH000412: Hibernate ORM core version 6.6.22.Final
2025-08-26T13:32:10.458+09:00  INFO 19856 --- [MySpringBoot3Project] [restartedMain] o.h.c.i.RegionFactoryInitiator           : HHH000026: Second-level cache disabled
2025-08-26T13:32:10.683+09:00  INFO 19856 --- [MySpringBoot3Project] [restartedMain] o.s.o.j.p.SpringPersistenceUnitInfo      : No LoadTimeWeaver setup: ignoring JPA class transformer
2025-08-26T13:32:10.729+09:00  INFO 19856 --- [MySpringBoot3Project] [restartedMain] o.h.o.c.pooling                          : HHH10001005: Database info:
	Database JDBC URL [Connecting through datasource 'HikariDataSource (HikariPool-1)']
	Database driver: undefined/unknown
	Database version: 2.3.232
	Autocommit mode: undefined/unknown
	Isolation level: undefined/unknown
	Minimum pool size: undefined/unknown
	Maximum pool size: undefined/unknown
2025-08-26T13:32:11.431+09:00  INFO 19856 --- [MySpringBoot3Project] [restartedMain] o.h.e.t.j.p.i.JtaPlatformInitiator       : HHH000489: No JTA platform available (set 'hibernate.transaction.jta.platform' to enable JTA platform integration)
2025-08-26T13:32:11.494+09:00  INFO 19856 --- [MySpringBoot3Project] [restartedMain] j.LocalContainerEntityManagerFactoryBean : Initialized JPA EntityManagerFactory for persistence unit 'default'
2025-08-26T13:32:11.882+09:00  INFO 19856 --- [MySpringBoot3Project] [restartedMain] o.s.d.j.r.q.QueryEnhancerFactory         : Hibernate is in classpath; If applicable, HQL parser will be used.
2025-08-26T13:32:12.325+09:00  WARN 19856 --- [MySpringBoot3Project] [restartedMain] ConfigServletWebServerApplicationContext : Exception encountered during context initialization - cancelling refresh attempt: org.springframework.beans.factory.BeanCreationException: Error creating bean with name 'myPropsRunner': Injection of autowired dependencies failed
2025-08-26T13:32:12.326+09:00  INFO 19856 --- [MySpringBoot3Project] [restartedMain] j.LocalContainerEntityManagerFactoryBean : Closing JPA EntityManagerFactory for persistence unit 'default'
2025-08-26T13:32:12.336+09:00  WARN 19856 --- [MySpringBoot3Project] [restartedMain] o.s.b.f.s.DisposableBeanAdapter          : Invocation of destroy method failed on bean with name 'inMemoryDatabaseShutdownExecutor': org.h2.jdbc.JdbcSQLNonTransientConnectionException: Database is already closed (to disable automatic closing at VM shutdown, add ";DB_CLOSE_ON_EXIT=FALSE" to the db URL) [90121-232]
2025-08-26T13:32:12.337+09:00  INFO 19856 --- [MySpringBoot3Project] [restartedMain] c.z.h.HikariDataSource                   : HikariPool-1 - Shutdown initiated...
2025-08-26T13:32:12.339+09:00  INFO 19856 --- [MySpringBoot3Project] [restartedMain] c.z.h.HikariDataSource                   : HikariPool-1 - Shutdown completed.
2025-08-26T13:32:12.343+09:00  INFO 19856 --- [MySpringBoot3Project] [restartedMain] o.a.c.c.StandardService                  : Stopping service [Tomcat]
2025-08-26T13:32:12.360+09:00  INFO 19856 --- [MySpringBoot3Project] [restartedMain] .s.b.a.l.ConditionEvaluationReportLogger : 

Error starting ApplicationContext. To display the condition evaluation report re-run your application with 'debug' enabled.
2025-08-26T13:32:12.380+09:00 ERROR 19856 --- [MySpringBoot3Project] [restartedMain] o.s.b.SpringApplication                  : Application run failed

org.springframework.beans.factory.BeanCreationException: Error creating bean with name 'myPropsRunner': Injection of autowired dependencies failed
	at org.springframework.beans.factory.annotation.AutowiredAnnotationBeanPostProcessor.postProcessProperties(AutowiredAnnotationBeanPostProcessor.java:515) ~[spring-beans-6.2.8.jar:6.2.8]
	at org.springframework.beans.factory.support.AbstractAutowireCapableBeanFactory.populateBean(AbstractAutowireCapableBeanFactory.java:1459) ~[spring-beans-6.2.8.jar:6.2.8]
	at org.springframework.beans.factory.support.AbstractAutowireCapableBeanFactory.doCreateBean(AbstractAutowireCapableBeanFactory.java:606) ~[spring-beans-6.2.8.jar:6.2.8]
	at org.springframework.beans.factory.support.AbstractAutowireCapableBeanFactory.createBean(AbstractAutowireCapableBeanFactory.java:529) ~[spring-beans-6.2.8.jar:6.2.8]
	at org.springframework.beans.factory.support.AbstractBeanFactory.lambda$doGetBean$0(AbstractBeanFactory.java:339) ~[spring-beans-6.2.8.jar:6.2.8]
	at org.springframework.beans.factory.support.DefaultSingletonBeanRegistry.getSingleton(DefaultSingletonBeanRegistry.java:373) ~[spring-beans-6.2.8.jar:6.2.8]
	at org.springframework.beans.factory.support.AbstractBeanFactory.doGetBean(AbstractBeanFactory.java:337) ~[spring-beans-6.2.8.jar:6.2.8]
	at org.springframework.beans.factory.support.AbstractBeanFactory.getBean(AbstractBeanFactory.java:202) ~[spring-beans-6.2.8.jar:6.2.8]
	at org.springframework.beans.factory.support.DefaultListableBeanFactory.instantiateSingleton(DefaultListableBeanFactory.java:1222) ~[spring-beans-6.2.8.jar:6.2.8]
	at org.springframework.beans.factory.support.DefaultListableBeanFactory.preInstantiateSingleton(DefaultListableBeanFactory.java:1188) ~[spring-beans-6.2.8.jar:6.2.8]
	at org.springframework.beans.factory.support.DefaultListableBeanFactory.preInstantiateSingletons(DefaultListableBeanFactory.java:1123) ~[spring-beans-6.2.8.jar:6.2.8]
	at org.springframework.context.support.AbstractApplicationContext.finishBeanFactoryInitialization(AbstractApplicationContext.java:987) ~[spring-context-6.2.8.jar:6.2.8]
	at org.springframework.context.support.AbstractApplicationContext.refresh(AbstractApplicationContext.java:627) ~[spring-context-6.2.8.jar:6.2.8]
	at org.springframework.boot.web.servlet.context.ServletWebServerApplicationContext.refresh(ServletWebServerApplicationContext.java:146) ~[spring-boot-3.4.8.jar:3.4.8]
	at org.springframework.boot.SpringApplication.refresh(SpringApplication.java:752) [spring-boot-3.4.8.jar:3.4.8]
	at org.springframework.boot.SpringApplication.refreshContext(SpringApplication.java:439) [spring-boot-3.4.8.jar:3.4.8]
	at org.springframework.boot.SpringApplication.run(SpringApplication.java:318) [spring-boot-3.4.8.jar:3.4.8]
	at org.springframework.boot.SpringApplication.run(SpringApplication.java:1361) [spring-boot-3.4.8.jar:3.4.8]
	at org.springframework.boot.SpringApplication.run(SpringApplication.java:1350) [spring-boot-3.4.8.jar:3.4.8]
	at com.rookies4.myspringboot.MySpringBoot3ProjectApplication.main(MySpringBoot3ProjectApplication.java:10) [classes/:?]
	at java.base/jdk.internal.reflect.DirectMethodHandleAccessor.invoke(DirectMethodHandleAccessor.java:104) ~[?:?]
	at java.base/java.lang.reflect.Method.invoke(Method.java:565) ~[?:?]
	at org.springframework.boot.devtools.restart.RestartLauncher.run(RestartLauncher.java:50) [spring-boot-devtools-3.4.8.jar:3.4.8]
Caused by: org.springframework.util.PlaceholderResolutionException: Could not resolve placeholder 'myboot.name' in value "${myboot.name}"
	at org.springframework.util.PlaceholderResolutionException.withValue(PlaceholderResolutionException.java:81) ~[spring-core-6.2.8.jar:6.2.8]
	at org.springframework.util.PlaceholderParser$ParsedValue.resolve(PlaceholderParser.java:423) ~[spring-core-6.2.8.jar:6.2.8]
	at org.springframework.util.PlaceholderParser.replacePlaceholders(PlaceholderParser.java:128) ~[spring-core-6.2.8.jar:6.2.8]
	at org.springframework.util.PropertyPlaceholderHelper.parseStringValue(PropertyPlaceholderHelper.java:118) ~[spring-core-6.2.8.jar:6.2.8]
	at org.springframework.util.PropertyPlaceholderHelper.replacePlaceholders(PropertyPlaceholderHelper.java:114) ~[spring-core-6.2.8.jar:6.2.8]
	at org.springframework.core.env.AbstractPropertyResolver.doResolvePlaceholders(AbstractPropertyResolver.java:293) ~[spring-core-6.2.8.jar:6.2.8]
	at org.springframework.core.env.AbstractPropertyResolver.resolveRequiredPlaceholders(AbstractPropertyResolver.java:264) ~[spring-core-6.2.8.jar:6.2.8]
	at org.springframework.context.support.PropertySourcesPlaceholderConfigurer.lambda$processProperties$0(PropertySourcesPlaceholderConfigurer.java:186) ~[spring-context-6.2.8.jar:6.2.8]
	at org.springframework.beans.factory.support.AbstractBeanFactory.resolveEmbeddedValue(AbstractBeanFactory.java:971) ~[spring-beans-6.2.8.jar:6.2.8]
	at org.springframework.beans.factory.support.DefaultListableBeanFactory.doResolveDependency(DefaultListableBeanFactory.java:1650) ~[spring-beans-6.2.8.jar:6.2.8]
	at org.springframework.beans.factory.support.DefaultListableBeanFactory.resolveDependency(DefaultListableBeanFactory.java:1628) ~[spring-beans-6.2.8.jar:6.2.8]
	at org.springframework.beans.factory.annotation.AutowiredAnnotationBeanPostProcessor$AutowiredFieldElement.resolveFieldValue(AutowiredAnnotationBeanPostProcessor.java:785) ~[spring-beans-6.2.8.jar:6.2.8]
	at org.springframework.beans.factory.annotation.AutowiredAnnotationBeanPostProcessor$AutowiredFieldElement.inject(AutowiredAnnotationBeanPostProcessor.java:768) ~[spring-beans-6.2.8.jar:6.2.8]
	at org.springframework.beans.factory.annotation.InjectionMetadata.inject(InjectionMetadata.java:146) ~[spring-beans-6.2.8.jar:6.2.8]
	at org.springframework.beans.factory.annotation.AutowiredAnnotationBeanPostProcessor.postProcessProperties(AutowiredAnnotationBeanPostProcessor.java:509) ~[spring-beans-6.2.8.jar:6.2.8]
	... 22 more

2025-08-26T13:35:20.427+09:00  INFO 6256 --- [MySpringBoot3Project] [restartedMain] c.r.m.MySpringBoot3ProjectApplication    : Starting MySpringBoot3ProjectApplication using Java 24.0.2 with PID 6256 (C:\mybackend\SpringBoot\MySpringBoot3Project (1)\MySpringBoot3Project\target\classes started by user in C:\mybackend\SpringBoot\MySpringBoot3Project (1)\MySpringBoot3Project)
2025-08-26T13:35:20.435+09:00  INFO 6256 --- [MySpringBoot3Project] [restartedMain] c.r.m.MySpringBoot3ProjectApplication    : The following 1 profile is active: "prod"
2025-08-26T13:35:20.491+09:00  INFO 6256 --- [MySpringBoot3Project] [restartedMain] .e.DevToolsPropertyDefaultsPostProcessor : Devtools property defaults active! Set 'spring.devtools.add-properties' to 'false' to disable
2025-08-26T13:35:20.492+09:00  INFO 6256 --- [MySpringBoot3Project] [restartedMain] .e.DevToolsPropertyDefaultsPostProcessor : For additional web related logging consider setting the 'logging.level.web' property to 'DEBUG'
2025-08-26T13:35:21.555+09:00  INFO 6256 --- [MySpringBoot3Project] [restartedMain] .s.d.r.c.RepositoryConfigurationDelegate : Bootstrapping Spring Data JPA repositories in DEFAULT mode.
2025-08-26T13:35:21.618+09:00  INFO 6256 --- [MySpringBoot3Project] [restartedMain] .s.d.r.c.RepositoryConfigurationDelegate : Finished Spring Data repository scanning in 55 ms. Found 4 JPA repository interfaces.
2025-08-26T13:35:22.278+09:00  INFO 6256 --- [MySpringBoot3Project] [restartedMain] o.s.b.w.e.t.TomcatWebServer              : Tomcat initialized with port 8080 (http)
2025-08-26T13:35:22.306+09:00  INFO 6256 --- [MySpringBoot3Project] [restartedMain] o.a.c.c.StandardService                  : Starting service [Tomcat]
2025-08-26T13:35:22.307+09:00  INFO 6256 --- [MySpringBoot3Project] [restartedMain] o.a.c.c.StandardEngine                   : Starting Servlet engine: [Apache Tomcat/10.1.43]
2025-08-26T13:35:22.353+09:00  INFO 6256 --- [MySpringBoot3Project] [restartedMain] o.a.c.c.C.[.[.[/]                        : Initializing Spring embedded WebApplicationContext
2025-08-26T13:35:22.354+09:00  INFO 6256 --- [MySpringBoot3Project] [restartedMain] w.s.c.ServletWebServerApplicationContext : Root WebApplicationContext: initialization completed in 1861 ms
2025-08-26T13:35:22.644+09:00  INFO 6256 --- [MySpringBoot3Project] [restartedMain] o.h.j.i.u.LogHelper                      : HHH000204: Processing PersistenceUnitInfo [name: default]
2025-08-26T13:35:22.708+09:00  INFO 6256 --- [MySpringBoot3Project] [restartedMain] o.h.Version                              : HHH000412: Hibernate ORM core version 6.6.22.Final
2025-08-26T13:35:22.745+09:00  INFO 6256 --- [MySpringBoot3Project] [restartedMain] o.h.c.i.RegionFactoryInitiator           : HHH000026: Second-level cache disabled
2025-08-26T13:35:23.006+09:00  INFO 6256 --- [MySpringBoot3Project] [restartedMain] o.s.o.j.p.SpringPersistenceUnitInfo      : No LoadTimeWeaver setup: ignoring JPA class transformer
2025-08-26T13:35:23.029+09:00  INFO 6256 --- [MySpringBoot3Project] [restartedMain] c.z.h.HikariDataSource                   : HikariPool-1 - Starting...
2025-08-26T13:35:23.121+09:00  WARN 6256 --- [MySpringBoot3Project] [restartedMain] o.m.j.m.s.ErrorPacket                    : Error: 1045-28000: Access denied for user 'boot'@'localhost' (using password: YES)
2025-08-26T13:35:24.125+09:00  WARN 6256 --- [MySpringBoot3Project] [restartedMain] o.h.e.j.s.SqlExceptionHelper             : SQL Error: 1045, SQLState: 28000
2025-08-26T13:35:24.125+09:00 ERROR 6256 --- [MySpringBoot3Project] [restartedMain] o.h.e.j.s.SqlExceptionHelper             : (conn=124) Access denied for user 'boot'@'localhost' (using password: YES)
2025-08-26T13:35:24.126+09:00  WARN 6256 --- [MySpringBoot3Project] [restartedMain] o.h.e.j.e.i.JdbcEnvironmentInitiator     : HHH000342: Could not obtain connection to query metadata

org.hibernate.exception.GenericJDBCException: unable to obtain isolated JDBC connection [(conn=124) Access denied for user 'boot'@'localhost' (using password: YES)] [n/a]
	at org.hibernate.exception.internal.StandardSQLExceptionConverter.convert(StandardSQLExceptionConverter.java:63) ~[hibernate-core-6.6.22.Final.jar:6.6.22.Final]
	at org.hibernate.engine.jdbc.spi.SqlExceptionHelper.convert(SqlExceptionHelper.java:108) ~[hibernate-core-6.6.22.Final.jar:6.6.22.Final]
	at org.hibernate.engine.jdbc.spi.SqlExceptionHelper.convert(SqlExceptionHelper.java:94) ~[hibernate-core-6.6.22.Final.jar:6.6.22.Final]
	at org.hibernate.resource.transaction.backend.jdbc.internal.JdbcIsolationDelegate.delegateWork(JdbcIsolationDelegate.java:116) ~[hibernate-core-6.6.22.Final.jar:6.6.22.Final]
	at org.hibernate.engine.jdbc.env.internal.JdbcEnvironmentInitiator.getJdbcEnvironmentUsingJdbcMetadata(JdbcEnvironmentInitiator.java:336) [hibernate-core-6.6.22.Final.jar:6.6.22.Final]
	at org.hibernate.engine.jdbc.env.internal.JdbcEnvironmentInitiator.initiateService(JdbcEnvironmentInitiator.java:129) [hibernate-core-6.6.22.Final.jar:6.6.22.Final]
	at org.hibernate.engine.jdbc.env.internal.JdbcEnvironmentInitiator.initiateService(JdbcEnvironmentInitiator.java:81) [hibernate-core-6.6.22.Final.jar:6.6.22.Final]
	at org.hibernate.boot.registry.internal.StandardServiceRegistryImpl.initiateService(StandardServiceRegistryImpl.java:130) [hibernate-core-6.6.22.Final.jar:6.6.22.Final]
	at org.hibernate.service.internal.AbstractServiceRegistryImpl.createService(AbstractServiceRegistryImpl.java:263) [hibernate-core-6.6.22.Final.jar:6.6.22.Final]
	at org.hibernate.service.internal.AbstractServiceRegistryImpl.initializeService(AbstractServiceRegistryImpl.java:238) [hibernate-core-6.6.22.Final.jar:6.6.22.Final]
	at org.hibernate.service.internal.AbstractServiceRegistryImpl.getService(AbstractServiceRegistryImpl.java:215) [hibernate-core-6.6.22.Final.jar:6.6.22.Final]
	at org.hibernate.boot.model.relational.Database.<init>(Database.java:45) [hibernate-core-6.6.22.Final.jar:6.6.22.Final]
	at org.hibernate.boot.internal.InFlightMetadataCollectorImpl.getDatabase(InFlightMetadataCollectorImpl.java:226) [hibernate-core-6.6.22.Final.jar:6.6.22.Final]
	at org.hibernate.boot.internal.InFlightMetadataCollectorImpl.<init>(InFlightMetadataCollectorImpl.java:194) [hibernate-core-6.6.22.Final.jar:6.6.22.Final]
	at org.hibernate.boot.model.process.spi.MetadataBuildingProcess.complete(MetadataBuildingProcess.java:171) [hibernate-core-6.6.22.Final.jar:6.6.22.Final]
	at org.hibernate.jpa.boot.internal.EntityManagerFactoryBuilderImpl.metadata(EntityManagerFactoryBuilderImpl.java:1442) [hibernate-core-6.6.22.Final.jar:6.6.22.Final]
	at org.hibernate.jpa.boot.internal.EntityManagerFactoryBuilderImpl.build(EntityManagerFactoryBuilderImpl.java:1513) [hibernate-core-6.6.22.Final.jar:6.6.22.Final]
	at org.springframework.orm.jpa.vendor.SpringHibernateJpaPersistenceProvider.createContainerEntityManagerFactory(SpringHibernateJpaPersistenceProvider.java:66) [spring-orm-6.2.8.jar:6.2.8]
	at org.springframework.orm.jpa.LocalContainerEntityManagerFactoryBean.createNativeEntityManagerFactory(LocalContainerEntityManagerFactoryBean.java:390) [spring-orm-6.2.8.jar:6.2.8]
	at org.springframework.orm.jpa.AbstractEntityManagerFactoryBean.buildNativeEntityManagerFactory(AbstractEntityManagerFactoryBean.java:419) [spring-orm-6.2.8.jar:6.2.8]
	at org.springframework.orm.jpa.AbstractEntityManagerFactoryBean.afterPropertiesSet(AbstractEntityManagerFactoryBean.java:400) [spring-orm-6.2.8.jar:6.2.8]
	at org.springframework.orm.jpa.LocalContainerEntityManagerFactoryBean.afterPropertiesSet(LocalContainerEntityManagerFactoryBean.java:366) [spring-orm-6.2.8.jar:6.2.8]
	at org.springframework.beans.factory.support.AbstractAutowireCapableBeanFactory.invokeInitMethods(AbstractAutowireCapableBeanFactory.java:1873) [spring-beans-6.2.8.jar:6.2.8]
	at org.springframework.beans.factory.support.AbstractAutowireCapableBeanFactory.initializeBean(AbstractAutowireCapableBeanFactory.java:1822) [spring-beans-6.2.8.jar:6.2.8]
	at org.springframework.beans.factory.support.AbstractAutowireCapableBeanFactory.doCreateBean(AbstractAutowireCapableBeanFactory.java:607) [spring-beans-6.2.8.jar:6.2.8]
	at org.springframework.beans.factory.support.AbstractAutowireCapableBeanFactory.createBean(AbstractAutowireCapableBeanFactory.java:529) [spring-beans-6.2.8.jar:6.2.8]
	at org.springframework.beans.factory.support.AbstractBeanFactory.lambda$doGetBean$0(AbstractBeanFactory.java:339) [spring-beans-6.2.8.jar:6.2.8]
	at org.springframework.beans.factory.support.DefaultSingletonBeanRegistry.getSingleton(DefaultSingletonBeanRegistry.java:373) [spring-beans-6.2.8.jar:6.2.8]
	at org.springframework.beans.factory.support.AbstractBeanFactory.doGetBean(AbstractBeanFactory.java:337) [spring-beans-6.2.8.jar:6.2.8]
	at org.springframework.beans.factory.support.AbstractBeanFactory.getBean(AbstractBeanFactory.java:207) [spring-beans-6.2.8.jar:6.2.8]
	at org.springframework.context.support.AbstractApplicationContext.finishBeanFactoryInitialization(AbstractApplicationContext.java:970) [spring-context-6.2.8.jar:6.2.8]
	at org.springframework.context.support.AbstractApplicationContext.refresh(AbstractApplicationContext.java:627) [spring-context-6.2.8.jar:6.2.8]
	at org.springframework.boot.web.servlet.context.ServletWebServerApplicationContext.refresh(ServletWebServerApplicationContext.java:146) [spring-boot-3.4.8.jar:3.4.8]
	at org.springframework.boot.SpringApplication.refresh(SpringApplication.java:752) [spring-boot-3.4.8.jar:3.4.8]
	at org.springframework.boot.SpringApplication.refreshContext(SpringApplication.java:439) [spring-boot-3.4.8.jar:3.4.8]
	at org.springframework.boot.SpringApplication.run(SpringApplication.java:318) [spring-boot-3.4.8.jar:3.4.8]
	at org.springframework.boot.SpringApplication.run(SpringApplication.java:1361) [spring-boot-3.4.8.jar:3.4.8]
	at org.springframework.boot.SpringApplication.run(SpringApplication.java:1350) [spring-boot-3.4.8.jar:3.4.8]
	at com.rookies4.myspringboot.MySpringBoot3ProjectApplication.main(MySpringBoot3ProjectApplication.java:10) [classes/:?]
	at java.base/jdk.internal.reflect.DirectMethodHandleAccessor.invoke(DirectMethodHandleAccessor.java:104) ~[?:?]
	at java.base/java.lang.reflect.Method.invoke(Method.java:565) ~[?:?]
	at org.springframework.boot.devtools.restart.RestartLauncher.run(RestartLauncher.java:50) [spring-boot-devtools-3.4.8.jar:3.4.8]
Caused by: java.sql.SQLInvalidAuthorizationSpecException: (conn=124) Access denied for user 'boot'@'localhost' (using password: YES)
	at org.mariadb.jdbc.export.ExceptionFactory.createException(ExceptionFactory.java:293) ~[mariadb-java-client-3.4.2.jar:?]
	at org.mariadb.jdbc.export.ExceptionFactory.create(ExceptionFactory.java:378) ~[mariadb-java-client-3.4.2.jar:?]
	at org.mariadb.jdbc.client.impl.StandardClient.authenticationHandler(StandardClient.java:306) ~[mariadb-java-client-3.4.2.jar:?]
	at org.mariadb.jdbc.client.impl.StandardClient.<init>(StandardClient.java:226) ~[mariadb-java-client-3.4.2.jar:?]
	at org.mariadb.jdbc.Driver.connect(Driver.java:68) ~[mariadb-java-client-3.4.2.jar:?]
	at org.mariadb.jdbc.Driver.connect(Driver.java:92) ~[mariadb-java-client-3.4.2.jar:?]
	at org.mariadb.jdbc.Driver.connect(Driver.java:26) ~[mariadb-java-client-3.4.2.jar:?]
	at com.zaxxer.hikari.util.DriverDataSource.getConnection(DriverDataSource.java:137) ~[HikariCP-5.1.0.jar:?]
	at com.zaxxer.hikari.pool.PoolBase.newConnection(PoolBase.java:360) ~[HikariCP-5.1.0.jar:?]
	at com.zaxxer.hikari.pool.PoolBase.newPoolEntry(PoolBase.java:202) ~[HikariCP-5.1.0.jar:?]
	at com.zaxxer.hikari.pool.HikariPool.createPoolEntry(HikariPool.java:461) ~[HikariCP-5.1.0.jar:?]
	at com.zaxxer.hikari.pool.HikariPool.checkFailFast(HikariPool.java:550) ~[HikariCP-5.1.0.jar:?]
	at com.zaxxer.hikari.pool.HikariPool.<init>(HikariPool.java:98) ~[HikariCP-5.1.0.jar:?]
	at com.zaxxer.hikari.HikariDataSource.getConnection(HikariDataSource.java:111) ~[HikariCP-5.1.0.jar:?]
	at org.hibernate.engine.jdbc.connections.internal.DatasourceConnectionProviderImpl.getConnection(DatasourceConnectionProviderImpl.java:126) ~[hibernate-core-6.6.22.Final.jar:6.6.22.Final]
	at org.hibernate.engine.jdbc.env.internal.JdbcEnvironmentInitiator$ConnectionProviderJdbcConnectionAccess.obtainConnection(JdbcEnvironmentInitiator.java:483) ~[hibernate-core-6.6.22.Final.jar:6.6.22.Final]
	at org.hibernate.resource.transaction.backend.jdbc.internal.JdbcIsolationDelegate.delegateWork(JdbcIsolationDelegate.java:61) ~[hibernate-core-6.6.22.Final.jar:6.6.22.Final]
	... 38 more

2025-08-26T13:35:24.140+09:00  WARN 6256 --- [MySpringBoot3Project] [restartedMain] o.h.o.deprecation                        : HHH90000025: MariaDBDialect does not need to be specified explicitly using 'hibernate.dialect' (remove the property setting and it will be selected by default)
2025-08-26T13:35:24.149+09:00  INFO 6256 --- [MySpringBoot3Project] [restartedMain] o.h.o.c.pooling                          : HHH10001005: Database info:
	Database JDBC URL [Connecting through datasource 'HikariDataSource (null)']
	Database driver: undefined/unknown
	Database version: 10.4
	Autocommit mode: undefined/unknown
	Isolation level: undefined/unknown
	Minimum pool size: undefined/unknown
	Maximum pool size: undefined/unknown
2025-08-26T13:35:24.797+09:00  INFO 6256 --- [MySpringBoot3Project] [restartedMain] o.h.e.t.j.p.i.JtaPlatformInitiator       : HHH000489: No JTA platform available (set 'hibernate.transaction.jta.platform' to enable JTA platform integration)
2025-08-26T13:35:24.815+09:00  INFO 6256 --- [MySpringBoot3Project] [restartedMain] c.z.h.HikariDataSource                   : HikariPool-1 - Starting...
2025-08-26T13:35:24.819+09:00  WARN 6256 --- [MySpringBoot3Project] [restartedMain] o.m.j.m.s.ErrorPacket                    : Error: 1045-28000: Access denied for user 'boot'@'localhost' (using password: YES)
2025-08-26T13:35:25.820+09:00  WARN 6256 --- [MySpringBoot3Project] [restartedMain] o.h.e.j.s.SqlExceptionHelper             : SQL Error: 1045, SQLState: 28000
2025-08-26T13:35:25.821+09:00 ERROR 6256 --- [MySpringBoot3Project] [restartedMain] o.h.e.j.s.SqlExceptionHelper             : (conn=125) Access denied for user 'boot'@'localhost' (using password: YES)
2025-08-26T13:35:25.827+09:00 ERROR 6256 --- [MySpringBoot3Project] [restartedMain] j.LocalContainerEntityManagerFactoryBean : Failed to initialize JPA EntityManagerFactory: [PersistenceUnit: default] Unable to build Hibernate SessionFactory; nested exception is org.hibernate.exception.JDBCConnectionException: Unable to open JDBC Connection for DDL execution [(conn=125) Access denied for user 'boot'@'localhost' (using password: YES)] [n/a]
2025-08-26T13:35:25.828+09:00  WARN 6256 --- [MySpringBoot3Project] [restartedMain] ConfigServletWebServerApplicationContext : Exception encountered during context initialization - cancelling refresh attempt: org.springframework.beans.factory.BeanCreationException: Error creating bean with name 'entityManagerFactory' defined in class path resource [org/springframework/boot/autoconfigure/orm/jpa/HibernateJpaConfiguration.class]: [PersistenceUnit: default] Unable to build Hibernate SessionFactory; nested exception is org.hibernate.exception.JDBCConnectionException: Unable to open JDBC Connection for DDL execution [(conn=125) Access denied for user 'boot'@'localhost' (using password: YES)] [n/a]
2025-08-26T13:35:25.833+09:00  INFO 6256 --- [MySpringBoot3Project] [restartedMain] o.a.c.c.StandardService                  : Stopping service [Tomcat]
2025-08-26T13:35:25.846+09:00  INFO 6256 --- [MySpringBoot3Project] [restartedMain] .s.b.a.l.ConditionEvaluationReportLogger : 

Error starting ApplicationContext. To display the condition evaluation report re-run your application with 'debug' enabled.
2025-08-26T13:35:25.859+09:00 ERROR 6256 --- [MySpringBoot3Project] [restartedMain] o.s.b.SpringApplication                  : Application run failed

org.springframework.beans.factory.BeanCreationException: Error creating bean with name 'entityManagerFactory' defined in class path resource [org/springframework/boot/autoconfigure/orm/jpa/HibernateJpaConfiguration.class]: [PersistenceUnit: default] Unable to build Hibernate SessionFactory; nested exception is org.hibernate.exception.JDBCConnectionException: Unable to open JDBC Connection for DDL execution [(conn=125) Access denied for user 'boot'@'localhost' (using password: YES)] [n/a]
	at org.springframework.beans.factory.support.AbstractAutowireCapableBeanFactory.initializeBean(AbstractAutowireCapableBeanFactory.java:1826) ~[spring-beans-6.2.8.jar:6.2.8]
	at org.springframework.beans.factory.support.AbstractAutowireCapableBeanFactory.doCreateBean(AbstractAutowireCapableBeanFactory.java:607) ~[spring-beans-6.2.8.jar:6.2.8]
	at org.springframework.beans.factory.support.AbstractAutowireCapableBeanFactory.createBean(AbstractAutowireCapableBeanFactory.java:529) ~[spring-beans-6.2.8.jar:6.2.8]
	at org.springframework.beans.factory.support.AbstractBeanFactory.lambda$doGetBean$0(AbstractBeanFactory.java:339) ~[spring-beans-6.2.8.jar:6.2.8]
	at org.springframework.beans.factory.support.DefaultSingletonBeanRegistry.getSingleton(DefaultSingletonBeanRegistry.java:373) ~[spring-beans-6.2.8.jar:6.2.8]
	at org.springframework.beans.factory.support.AbstractBeanFactory.doGetBean(AbstractBeanFactory.java:337) ~[spring-beans-6.2.8.jar:6.2.8]
	at org.springframework.beans.factory.support.AbstractBeanFactory.getBean(AbstractBeanFactory.java:207) ~[spring-beans-6.2.8.jar:6.2.8]
	at org.springframework.context.support.AbstractApplicationContext.finishBeanFactoryInitialization(AbstractApplicationContext.java:970) ~[spring-context-6.2.8.jar:6.2.8]
	at org.springframework.context.support.AbstractApplicationContext.refresh(AbstractApplicationContext.java:627) ~[spring-context-6.2.8.jar:6.2.8]
	at org.springframework.boot.web.servlet.context.ServletWebServerApplicationContext.refresh(ServletWebServerApplicationContext.java:146) ~[spring-boot-3.4.8.jar:3.4.8]
	at org.springframework.boot.SpringApplication.refresh(SpringApplication.java:752) [spring-boot-3.4.8.jar:3.4.8]
	at org.springframework.boot.SpringApplication.refreshContext(SpringApplication.java:439) [spring-boot-3.4.8.jar:3.4.8]
	at org.springframework.boot.SpringApplication.run(SpringApplication.java:318) [spring-boot-3.4.8.jar:3.4.8]
	at org.springframework.boot.SpringApplication.run(SpringApplication.java:1361) [spring-boot-3.4.8.jar:3.4.8]
	at org.springframework.boot.SpringApplication.run(SpringApplication.java:1350) [spring-boot-3.4.8.jar:3.4.8]
	at com.rookies4.myspringboot.MySpringBoot3ProjectApplication.main(MySpringBoot3ProjectApplication.java:10) [classes/:?]
	at java.base/jdk.internal.reflect.DirectMethodHandleAccessor.invoke(DirectMethodHandleAccessor.java:104) ~[?:?]
	at java.base/java.lang.reflect.Method.invoke(Method.java:565) ~[?:?]
	at org.springframework.boot.devtools.restart.RestartLauncher.run(RestartLauncher.java:50) [spring-boot-devtools-3.4.8.jar:3.4.8]
Caused by: jakarta.persistence.PersistenceException: [PersistenceUnit: default] Unable to build Hibernate SessionFactory; nested exception is org.hibernate.exception.JDBCConnectionException: Unable to open JDBC Connection for DDL execution [(conn=125) Access denied for user 'boot'@'localhost' (using password: YES)] [n/a]
	at org.springframework.orm.jpa.AbstractEntityManagerFactoryBean.buildNativeEntityManagerFactory(AbstractEntityManagerFactoryBean.java:431) ~[spring-orm-6.2.8.jar:6.2.8]
	at org.springframework.orm.jpa.AbstractEntityManagerFactoryBean.afterPropertiesSet(AbstractEntityManagerFactoryBean.java:400) ~[spring-orm-6.2.8.jar:6.2.8]
	at org.springframework.orm.jpa.LocalContainerEntityManagerFactoryBean.afterPropertiesSet(LocalContainerEntityManagerFactoryBean.java:366) ~[spring-orm-6.2.8.jar:6.2.8]
	at org.springframework.beans.factory.support.AbstractAutowireCapableBeanFactory.invokeInitMethods(AbstractAutowireCapableBeanFactory.java:1873) ~[spring-beans-6.2.8.jar:6.2.8]
	at org.springframework.beans.factory.support.AbstractAutowireCapableBeanFactory.initializeBean(AbstractAutowireCapableBeanFactory.java:1822) ~[spring-beans-6.2.8.jar:6.2.8]
	... 18 more
Caused by: org.hibernate.exception.JDBCConnectionException: Unable to open JDBC Connection for DDL execution [(conn=125) Access denied for user 'boot'@'localhost' (using password: YES)] [n/a]
	at org.hibernate.exception.internal.SQLExceptionTypeDelegate.convert(SQLExceptionTypeDelegate.java:51) ~[hibernate-core-6.6.22.Final.jar:6.6.22.Final]
	at org.hibernate.exception.internal.StandardSQLExceptionConverter.convert(StandardSQLExceptionConverter.java:58) ~[hibernate-core-6.6.22.Final.jar:6.6.22.Final]
	at org.hibernate.engine.jdbc.spi.SqlExceptionHelper.convert(SqlExceptionHelper.java:108) ~[hibernate-core-6.6.22.Final.jar:6.6.22.Final]
	at org.hibernate.engine.jdbc.spi.SqlExceptionHelper.convert(SqlExceptionHelper.java:94) ~[hibernate-core-6.6.22.Final.jar:6.6.22.Final]
	at org.hibernate.resource.transaction.backend.jdbc.internal.DdlTransactionIsolatorNonJtaImpl.getIsolatedConnection(DdlTransactionIsolatorNonJtaImpl.java:74) ~[hibernate-core-6.6.22.Final.jar:6.6.22.Final]
	at org.hibernate.resource.transaction.backend.jdbc.internal.DdlTransactionIsolatorNonJtaImpl.getIsolatedConnection(DdlTransactionIsolatorNonJtaImpl.java:39) ~[hibernate-core-6.6.22.Final.jar:6.6.22.Final]
	at org.hibernate.tool.schema.internal.exec.ImprovedExtractionContextImpl.getJdbcConnection(ImprovedExtractionContextImpl.java:63) ~[hibernate-core-6.6.22.Final.jar:6.6.22.Final]
	at org.hibernate.tool.schema.extract.spi.ExtractionContext.getQueryResults(ExtractionContext.java:43) ~[hibernate-core-6.6.22.Final.jar:6.6.22.Final]
	at org.hibernate.tool.schema.extract.internal.SequenceInformationExtractorMariaDBDatabaseImpl.extractMetadata(SequenceInformationExtractorMariaDBDatabaseImpl.java:46) ~[hibernate-core-6.6.22.Final.jar:6.6.22.Final]
	at org.hibernate.tool.schema.extract.internal.DatabaseInformationImpl.initializeSequences(DatabaseInformationImpl.java:66) ~[hibernate-core-6.6.22.Final.jar:6.6.22.Final]
	at org.hibernate.tool.schema.extract.internal.DatabaseInformationImpl.<init>(DatabaseInformationImpl.java:60) ~[hibernate-core-6.6.22.Final.jar:6.6.22.Final]
	at org.hibernate.tool.schema.internal.Helper.buildDatabaseInformation(Helper.java:185) ~[hibernate-core-6.6.22.Final.jar:6.6.22.Final]
	at org.hibernate.tool.schema.internal.AbstractSchemaMigrator.doMigration(AbstractSchemaMigrator.java:93) ~[hibernate-core-6.6.22.Final.jar:6.6.22.Final]
	at org.hibernate.tool.schema.spi.SchemaManagementToolCoordinator.performDatabaseAction(SchemaManagementToolCoordinator.java:280) ~[hibernate-core-6.6.22.Final.jar:6.6.22.Final]
	at org.hibernate.tool.schema.spi.SchemaManagementToolCoordinator.lambda$process$5(SchemaManagementToolCoordinator.java:144) ~[hibernate-core-6.6.22.Final.jar:6.6.22.Final]
	at java.base/java.util.HashMap.forEach(HashMap.java:1430) ~[?:?]
	at org.hibernate.tool.schema.spi.SchemaManagementToolCoordinator.process(SchemaManagementToolCoordinator.java:141) ~[hibernate-core-6.6.22.Final.jar:6.6.22.Final]
	at org.hibernate.boot.internal.SessionFactoryObserverForSchemaExport.sessionFactoryCreated(SessionFactoryObserverForSchemaExport.java:37) ~[hibernate-core-6.6.22.Final.jar:6.6.22.Final]
	at org.hibernate.internal.SessionFactoryObserverChain.sessionFactoryCreated(SessionFactoryObserverChain.java:35) ~[hibernate-core-6.6.22.Final.jar:6.6.22.Final]
	at org.hibernate.internal.SessionFactoryImpl.<init>(SessionFactoryImpl.java:324) ~[hibernate-core-6.6.22.Final.jar:6.6.22.Final]
	at org.hibernate.boot.internal.SessionFactoryBuilderImpl.build(SessionFactoryBuilderImpl.java:463) ~[hibernate-core-6.6.22.Final.jar:6.6.22.Final]
	at org.hibernate.jpa.boot.internal.EntityManagerFactoryBuilderImpl.build(EntityManagerFactoryBuilderImpl.java:1517) ~[hibernate-core-6.6.22.Final.jar:6.6.22.Final]
	at org.springframework.orm.jpa.vendor.SpringHibernateJpaPersistenceProvider.createContainerEntityManagerFactory(SpringHibernateJpaPersistenceProvider.java:66) ~[spring-orm-6.2.8.jar:6.2.8]
	at org.springframework.orm.jpa.LocalContainerEntityManagerFactoryBean.createNativeEntityManagerFactory(LocalContainerEntityManagerFactoryBean.java:390) ~[spring-orm-6.2.8.jar:6.2.8]
	at org.springframework.orm.jpa.AbstractEntityManagerFactoryBean.buildNativeEntityManagerFactory(AbstractEntityManagerFactoryBean.java:419) ~[spring-orm-6.2.8.jar:6.2.8]
	at org.springframework.orm.jpa.AbstractEntityManagerFactoryBean.afterPropertiesSet(AbstractEntityManagerFactoryBean.java:400) ~[spring-orm-6.2.8.jar:6.2.8]
	at org.springframework.orm.jpa.LocalContainerEntityManagerFactoryBean.afterPropertiesSet(LocalContainerEntityManagerFactoryBean.java:366) ~[spring-orm-6.2.8.jar:6.2.8]
	at org.springframework.beans.factory.support.AbstractAutowireCapableBeanFactory.invokeInitMethods(AbstractAutowireCapableBeanFactory.java:1873) ~[spring-beans-6.2.8.jar:6.2.8]
	at org.springframework.beans.factory.support.AbstractAutowireCapableBeanFactory.initializeBean(AbstractAutowireCapableBeanFactory.java:1822) ~[spring-beans-6.2.8.jar:6.2.8]
	... 18 more
Caused by: java.sql.SQLInvalidAuthorizationSpecException: (conn=125) Access denied for user 'boot'@'localhost' (using password: YES)
	at org.mariadb.jdbc.export.ExceptionFactory.createException(ExceptionFactory.java:293) ~[mariadb-java-client-3.4.2.jar:?]
	at org.mariadb.jdbc.export.ExceptionFactory.create(ExceptionFactory.java:378) ~[mariadb-java-client-3.4.2.jar:?]
	at org.mariadb.jdbc.client.impl.StandardClient.authenticationHandler(StandardClient.java:306) ~[mariadb-java-client-3.4.2.jar:?]
	at org.mariadb.jdbc.client.impl.StandardClient.<init>(StandardClient.java:226) ~[mariadb-java-client-3.4.2.jar:?]
	at org.mariadb.jdbc.Driver.connect(Driver.java:68) ~[mariadb-java-client-3.4.2.jar:?]
	at org.mariadb.jdbc.Driver.connect(Driver.java:92) ~[mariadb-java-client-3.4.2.jar:?]
	at org.mariadb.jdbc.Driver.connect(Driver.java:26) ~[mariadb-java-client-3.4.2.jar:?]
	at com.zaxxer.hikari.util.DriverDataSource.getConnection(DriverDataSource.java:137) ~[HikariCP-5.1.0.jar:?]
	at com.zaxxer.hikari.pool.PoolBase.newConnection(PoolBase.java:360) ~[HikariCP-5.1.0.jar:?]
	at com.zaxxer.hikari.pool.PoolBase.newPoolEntry(PoolBase.java:202) ~[HikariCP-5.1.0.jar:?]
	at com.zaxxer.hikari.pool.HikariPool.createPoolEntry(HikariPool.java:461) ~[HikariCP-5.1.0.jar:?]
	at com.zaxxer.hikari.pool.HikariPool.checkFailFast(HikariPool.java:550) ~[HikariCP-5.1.0.jar:?]
	at com.zaxxer.hikari.pool.HikariPool.<init>(HikariPool.java:98) ~[HikariCP-5.1.0.jar:?]
	at com.zaxxer.hikari.HikariDataSource.getConnection(HikariDataSource.java:111) ~[HikariCP-5.1.0.jar:?]
	at org.hibernate.engine.jdbc.connections.internal.DatasourceConnectionProviderImpl.getConnection(DatasourceConnectionProviderImpl.java:126) ~[hibernate-core-6.6.22.Final.jar:6.6.22.Final]
	at org.hibernate.engine.jdbc.env.internal.JdbcEnvironmentInitiator$ConnectionProviderJdbcConnectionAccess.obtainConnection(JdbcEnvironmentInitiator.java:483) ~[hibernate-core-6.6.22.Final.jar:6.6.22.Final]
	at org.hibernate.resource.transaction.backend.jdbc.internal.DdlTransactionIsolatorNonJtaImpl.getIsolatedConnection(DdlTransactionIsolatorNonJtaImpl.java:46) ~[hibernate-core-6.6.22.Final.jar:6.6.22.Final]
	at org.hibernate.resource.transaction.backend.jdbc.internal.DdlTransactionIsolatorNonJtaImpl.getIsolatedConnection(DdlTransactionIsolatorNonJtaImpl.java:39) ~[hibernate-core-6.6.22.Final.jar:6.6.22.Final]
	at org.hibernate.tool.schema.internal.exec.ImprovedExtractionContextImpl.getJdbcConnection(ImprovedExtractionContextImpl.java:63) ~[hibernate-core-6.6.22.Final.jar:6.6.22.Final]
	at org.hibernate.tool.schema.extract.spi.ExtractionContext.getQueryResults(ExtractionContext.java:43) ~[hibernate-core-6.6.22.Final.jar:6.6.22.Final]
	at org.hibernate.tool.schema.extract.internal.SequenceInformationExtractorMariaDBDatabaseImpl.extractMetadata(SequenceInformationExtractorMariaDBDatabaseImpl.java:46) ~[hibernate-core-6.6.22.Final.jar:6.6.22.Final]
	at org.hibernate.tool.schema.extract.internal.DatabaseInformationImpl.initializeSequences(DatabaseInformationImpl.java:66) ~[hibernate-core-6.6.22.Final.jar:6.6.22.Final]
	at org.hibernate.tool.schema.extract.internal.DatabaseInformationImpl.<init>(DatabaseInformationImpl.java:60) ~[hibernate-core-6.6.22.Final.jar:6.6.22.Final]
	at org.hibernate.tool.schema.internal.Helper.buildDatabaseInformation(Helper.java:185) ~[hibernate-core-6.6.22.Final.jar:6.6.22.Final]
	at org.hibernate.tool.schema.internal.AbstractSchemaMigrator.doMigration(AbstractSchemaMigrator.java:93) ~[hibernate-core-6.6.22.Final.jar:6.6.22.Final]
	at org.hibernate.tool.schema.spi.SchemaManagementToolCoordinator.performDatabaseAction(SchemaManagementToolCoordinator.java:280) ~[hibernate-core-6.6.22.Final.jar:6.6.22.Final]
	at org.hibernate.tool.schema.spi.SchemaManagementToolCoordinator.lambda$process$5(SchemaManagementToolCoordinator.java:144) ~[hibernate-core-6.6.22.Final.jar:6.6.22.Final]
	at java.base/java.util.HashMap.forEach(HashMap.java:1430) ~[?:?]
	at org.hibernate.tool.schema.spi.SchemaManagementToolCoordinator.process(SchemaManagementToolCoordinator.java:141) ~[hibernate-core-6.6.22.Final.jar:6.6.22.Final]
	at org.hibernate.boot.internal.SessionFactoryObserverForSchemaExport.sessionFactoryCreated(SessionFactoryObserverForSchemaExport.java:37) ~[hibernate-core-6.6.22.Final.jar:6.6.22.Final]
	at org.hibernate.internal.SessionFactoryObserverChain.sessionFactoryCreated(SessionFactoryObserverChain.java:35) ~[hibernate-core-6.6.22.Final.jar:6.6.22.Final]
	at org.hibernate.internal.SessionFactoryImpl.<init>(SessionFactoryImpl.java:324) ~[hibernate-core-6.6.22.Final.jar:6.6.22.Final]
	at org.hibernate.boot.internal.SessionFactoryBuilderImpl.build(SessionFactoryBuilderImpl.java:463) ~[hibernate-core-6.6.22.Final.jar:6.6.22.Final]
	at org.hibernate.jpa.boot.internal.EntityManagerFactoryBuilderImpl.build(EntityManagerFactoryBuilderImpl.java:1517) ~[hibernate-core-6.6.22.Final.jar:6.6.22.Final]
	at org.springframework.orm.jpa.vendor.SpringHibernateJpaPersistenceProvider.createContainerEntityManagerFactory(SpringHibernateJpaPersistenceProvider.java:66) ~[spring-orm-6.2.8.jar:6.2.8]
	at org.springframework.orm.jpa.LocalContainerEntityManagerFactoryBean.createNativeEntityManagerFactory(LocalContainerEntityManagerFactoryBean.java:390) ~[spring-orm-6.2.8.jar:6.2.8]
	at org.springframework.orm.jpa.AbstractEntityManagerFactoryBean.buildNativeEntityManagerFactory(AbstractEntityManagerFactoryBean.java:419) ~[spring-orm-6.2.8.jar:6.2.8]
	at org.springframework.orm.jpa.AbstractEntityManagerFactoryBean.afterPropertiesSet(AbstractEntityManagerFactoryBean.java:400) ~[spring-orm-6.2.8.jar:6.2.8]
	at org.springframework.orm.jpa.LocalContainerEntityManagerFactoryBean.afterPropertiesSet(LocalContainerEntityManagerFactoryBean.java:366) ~[spring-orm-6.2.8.jar:6.2.8]
	at org.springframework.beans.factory.support.AbstractAutowireCapableBeanFactory.invokeInitMethods(AbstractAutowireCapableBeanFactory.java:1873) ~[spring-beans-6.2.8.jar:6.2.8]
	at org.springframework.beans.factory.support.AbstractAutowireCapableBeanFactory.initializeBean(AbstractAutowireCapableBeanFactory.java:1822) ~[spring-beans-6.2.8.jar:6.2.8]
	... 18 more

2025-08-26T13:40:10.892+09:00  INFO 2832 --- [MySpringBoot3Project] [restartedMain] c.r.m.MySpringBoot3ProjectApplication    : Starting MySpringBoot3ProjectApplication using Java 24.0.2 with PID 2832 (C:\mybackend\SpringBoot\MySpringBoot3Project (1)\MySpringBoot3Project\target\classes started by user in C:\mybackend\SpringBoot\MySpringBoot3Project (1)\MySpringBoot3Project)
2025-08-26T13:40:10.897+09:00  INFO 2832 --- [MySpringBoot3Project] [restartedMain] c.r.m.MySpringBoot3ProjectApplication    : The following 1 profile is active: "prod"
2025-08-26T13:40:10.939+09:00  INFO 2832 --- [MySpringBoot3Project] [restartedMain] .e.DevToolsPropertyDefaultsPostProcessor : Devtools property defaults active! Set 'spring.devtools.add-properties' to 'false' to disable
2025-08-26T13:40:10.939+09:00  INFO 2832 --- [MySpringBoot3Project] [restartedMain] .e.DevToolsPropertyDefaultsPostProcessor : For additional web related logging consider setting the 'logging.level.web' property to 'DEBUG'
2025-08-26T13:40:11.926+09:00  INFO 2832 --- [MySpringBoot3Project] [restartedMain] .s.d.r.c.RepositoryConfigurationDelegate : Bootstrapping Spring Data JPA repositories in DEFAULT mode.
2025-08-26T13:40:11.983+09:00  INFO 2832 --- [MySpringBoot3Project] [restartedMain] .s.d.r.c.RepositoryConfigurationDelegate : Finished Spring Data repository scanning in 50 ms. Found 4 JPA repository interfaces.
2025-08-26T13:40:12.637+09:00  INFO 2832 --- [MySpringBoot3Project] [restartedMain] o.s.b.w.e.t.TomcatWebServer              : Tomcat initialized with port 8080 (http)
2025-08-26T13:40:12.660+09:00  INFO 2832 --- [MySpringBoot3Project] [restartedMain] o.a.c.c.StandardService                  : Starting service [Tomcat]
2025-08-26T13:40:12.662+09:00  INFO 2832 --- [MySpringBoot3Project] [restartedMain] o.a.c.c.StandardEngine                   : Starting Servlet engine: [Apache Tomcat/10.1.43]
2025-08-26T13:40:12.711+09:00  INFO 2832 --- [MySpringBoot3Project] [restartedMain] o.a.c.c.C.[.[.[/]                        : Initializing Spring embedded WebApplicationContext
2025-08-26T13:40:12.712+09:00  INFO 2832 --- [MySpringBoot3Project] [restartedMain] w.s.c.ServletWebServerApplicationContext : Root WebApplicationContext: initialization completed in 1771 ms
2025-08-26T13:40:12.997+09:00  INFO 2832 --- [MySpringBoot3Project] [restartedMain] o.h.j.i.u.LogHelper                      : HHH000204: Processing PersistenceUnitInfo [name: default]
2025-08-26T13:40:13.047+09:00  INFO 2832 --- [MySpringBoot3Project] [restartedMain] o.h.Version                              : HHH000412: Hibernate ORM core version 6.6.22.Final
2025-08-26T13:40:13.074+09:00  INFO 2832 --- [MySpringBoot3Project] [restartedMain] o.h.c.i.RegionFactoryInitiator           : HHH000026: Second-level cache disabled
2025-08-26T13:40:13.270+09:00  INFO 2832 --- [MySpringBoot3Project] [restartedMain] o.s.o.j.p.SpringPersistenceUnitInfo      : No LoadTimeWeaver setup: ignoring JPA class transformer
2025-08-26T13:40:13.292+09:00  INFO 2832 --- [MySpringBoot3Project] [restartedMain] c.z.h.HikariDataSource                   : HikariPool-1 - Starting...
2025-08-26T13:40:13.348+09:00  WARN 2832 --- [MySpringBoot3Project] [restartedMain] o.m.j.m.s.ErrorPacket                    : Error: 1044-42000: Access denied for user 'boot'@'localhost' to database 'boot_db'
2025-08-26T13:40:14.351+09:00  WARN 2832 --- [MySpringBoot3Project] [restartedMain] o.h.e.j.s.SqlExceptionHelper             : SQL Error: 1044, SQLState: 42000
2025-08-26T13:40:14.351+09:00 ERROR 2832 --- [MySpringBoot3Project] [restartedMain] o.h.e.j.s.SqlExceptionHelper             : (conn=128) Access denied for user 'boot'@'localhost' to database 'boot_db'
2025-08-26T13:40:14.351+09:00  WARN 2832 --- [MySpringBoot3Project] [restartedMain] o.h.e.j.e.i.JdbcEnvironmentInitiator     : HHH000342: Could not obtain connection to query metadata

org.hibernate.exception.SQLGrammarException: unable to obtain isolated JDBC connection [(conn=128) Access denied for user 'boot'@'localhost' to database 'boot_db'] [n/a]
	at org.hibernate.exception.internal.SQLStateConversionDelegate.convert(SQLStateConversionDelegate.java:91) ~[hibernate-core-6.6.22.Final.jar:6.6.22.Final]
	at org.hibernate.exception.internal.StandardSQLExceptionConverter.convert(StandardSQLExceptionConverter.java:58) ~[hibernate-core-6.6.22.Final.jar:6.6.22.Final]
	at org.hibernate.engine.jdbc.spi.SqlExceptionHelper.convert(SqlExceptionHelper.java:108) ~[hibernate-core-6.6.22.Final.jar:6.6.22.Final]
	at org.hibernate.engine.jdbc.spi.SqlExceptionHelper.convert(SqlExceptionHelper.java:94) ~[hibernate-core-6.6.22.Final.jar:6.6.22.Final]
	at org.hibernate.resource.transaction.backend.jdbc.internal.JdbcIsolationDelegate.delegateWork(JdbcIsolationDelegate.java:116) ~[hibernate-core-6.6.22.Final.jar:6.6.22.Final]
	at org.hibernate.engine.jdbc.env.internal.JdbcEnvironmentInitiator.getJdbcEnvironmentUsingJdbcMetadata(JdbcEnvironmentInitiator.java:336) [hibernate-core-6.6.22.Final.jar:6.6.22.Final]
	at org.hibernate.engine.jdbc.env.internal.JdbcEnvironmentInitiator.initiateService(JdbcEnvironmentInitiator.java:129) [hibernate-core-6.6.22.Final.jar:6.6.22.Final]
	at org.hibernate.engine.jdbc.env.internal.JdbcEnvironmentInitiator.initiateService(JdbcEnvironmentInitiator.java:81) [hibernate-core-6.6.22.Final.jar:6.6.22.Final]
	at org.hibernate.boot.registry.internal.StandardServiceRegistryImpl.initiateService(StandardServiceRegistryImpl.java:130) [hibernate-core-6.6.22.Final.jar:6.6.22.Final]
	at org.hibernate.service.internal.AbstractServiceRegistryImpl.createService(AbstractServiceRegistryImpl.java:263) [hibernate-core-6.6.22.Final.jar:6.6.22.Final]
	at org.hibernate.service.internal.AbstractServiceRegistryImpl.initializeService(AbstractServiceRegistryImpl.java:238) [hibernate-core-6.6.22.Final.jar:6.6.22.Final]
	at org.hibernate.service.internal.AbstractServiceRegistryImpl.getService(AbstractServiceRegistryImpl.java:215) [hibernate-core-6.6.22.Final.jar:6.6.22.Final]
	at org.hibernate.boot.model.relational.Database.<init>(Database.java:45) [hibernate-core-6.6.22.Final.jar:6.6.22.Final]
	at org.hibernate.boot.internal.InFlightMetadataCollectorImpl.getDatabase(InFlightMetadataCollectorImpl.java:226) [hibernate-core-6.6.22.Final.jar:6.6.22.Final]
	at org.hibernate.boot.internal.InFlightMetadataCollectorImpl.<init>(InFlightMetadataCollectorImpl.java:194) [hibernate-core-6.6.22.Final.jar:6.6.22.Final]
	at org.hibernate.boot.model.process.spi.MetadataBuildingProcess.complete(MetadataBuildingProcess.java:171) [hibernate-core-6.6.22.Final.jar:6.6.22.Final]
	at org.hibernate.jpa.boot.internal.EntityManagerFactoryBuilderImpl.metadata(EntityManagerFactoryBuilderImpl.java:1442) [hibernate-core-6.6.22.Final.jar:6.6.22.Final]
	at org.hibernate.jpa.boot.internal.EntityManagerFactoryBuilderImpl.build(EntityManagerFactoryBuilderImpl.java:1513) [hibernate-core-6.6.22.Final.jar:6.6.22.Final]
	at org.springframework.orm.jpa.vendor.SpringHibernateJpaPersistenceProvider.createContainerEntityManagerFactory(SpringHibernateJpaPersistenceProvider.java:66) [spring-orm-6.2.8.jar:6.2.8]
	at org.springframework.orm.jpa.LocalContainerEntityManagerFactoryBean.createNativeEntityManagerFactory(LocalContainerEntityManagerFactoryBean.java:390) [spring-orm-6.2.8.jar:6.2.8]
	at org.springframework.orm.jpa.AbstractEntityManagerFactoryBean.buildNativeEntityManagerFactory(AbstractEntityManagerFactoryBean.java:419) [spring-orm-6.2.8.jar:6.2.8]
	at org.springframework.orm.jpa.AbstractEntityManagerFactoryBean.afterPropertiesSet(AbstractEntityManagerFactoryBean.java:400) [spring-orm-6.2.8.jar:6.2.8]
	at org.springframework.orm.jpa.LocalContainerEntityManagerFactoryBean.afterPropertiesSet(LocalContainerEntityManagerFactoryBean.java:366) [spring-orm-6.2.8.jar:6.2.8]
	at org.springframework.beans.factory.support.AbstractAutowireCapableBeanFactory.invokeInitMethods(AbstractAutowireCapableBeanFactory.java:1873) [spring-beans-6.2.8.jar:6.2.8]
	at org.springframework.beans.factory.support.AbstractAutowireCapableBeanFactory.initializeBean(AbstractAutowireCapableBeanFactory.java:1822) [spring-beans-6.2.8.jar:6.2.8]
	at org.springframework.beans.factory.support.AbstractAutowireCapableBeanFactory.doCreateBean(AbstractAutowireCapableBeanFactory.java:607) [spring-beans-6.2.8.jar:6.2.8]
	at org.springframework.beans.factory.support.AbstractAutowireCapableBeanFactory.createBean(AbstractAutowireCapableBeanFactory.java:529) [spring-beans-6.2.8.jar:6.2.8]
	at org.springframework.beans.factory.support.AbstractBeanFactory.lambda$doGetBean$0(AbstractBeanFactory.java:339) [spring-beans-6.2.8.jar:6.2.8]
	at org.springframework.beans.factory.support.DefaultSingletonBeanRegistry.getSingleton(DefaultSingletonBeanRegistry.java:373) [spring-beans-6.2.8.jar:6.2.8]
	at org.springframework.beans.factory.support.AbstractBeanFactory.doGetBean(AbstractBeanFactory.java:337) [spring-beans-6.2.8.jar:6.2.8]
	at org.springframework.beans.factory.support.AbstractBeanFactory.getBean(AbstractBeanFactory.java:207) [spring-beans-6.2.8.jar:6.2.8]
	at org.springframework.context.support.AbstractApplicationContext.finishBeanFactoryInitialization(AbstractApplicationContext.java:970) [spring-context-6.2.8.jar:6.2.8]
	at org.springframework.context.support.AbstractApplicationContext.refresh(AbstractApplicationContext.java:627) [spring-context-6.2.8.jar:6.2.8]
	at org.springframework.boot.web.servlet.context.ServletWebServerApplicationContext.refresh(ServletWebServerApplicationContext.java:146) [spring-boot-3.4.8.jar:3.4.8]
	at org.springframework.boot.SpringApplication.refresh(SpringApplication.java:752) [spring-boot-3.4.8.jar:3.4.8]
	at org.springframework.boot.SpringApplication.refreshContext(SpringApplication.java:439) [spring-boot-3.4.8.jar:3.4.8]
	at org.springframework.boot.SpringApplication.run(SpringApplication.java:318) [spring-boot-3.4.8.jar:3.4.8]
	at org.springframework.boot.SpringApplication.run(SpringApplication.java:1361) [spring-boot-3.4.8.jar:3.4.8]
	at org.springframework.boot.SpringApplication.run(SpringApplication.java:1350) [spring-boot-3.4.8.jar:3.4.8]
	at com.rookies4.myspringboot.MySpringBoot3ProjectApplication.main(MySpringBoot3ProjectApplication.java:10) [classes/:?]
	at java.base/jdk.internal.reflect.DirectMethodHandleAccessor.invoke(DirectMethodHandleAccessor.java:104) ~[?:?]
	at java.base/java.lang.reflect.Method.invoke(Method.java:565) ~[?:?]
	at org.springframework.boot.devtools.restart.RestartLauncher.run(RestartLauncher.java:50) [spring-boot-devtools-3.4.8.jar:3.4.8]
Caused by: java.sql.SQLSyntaxErrorException: (conn=128) Access denied for user 'boot'@'localhost' to database 'boot_db'
	at org.mariadb.jdbc.export.ExceptionFactory.createException(ExceptionFactory.java:289) ~[mariadb-java-client-3.4.2.jar:?]
	at org.mariadb.jdbc.export.ExceptionFactory.create(ExceptionFactory.java:378) ~[mariadb-java-client-3.4.2.jar:?]
	at org.mariadb.jdbc.client.impl.StandardClient.authenticationHandler(StandardClient.java:306) ~[mariadb-java-client-3.4.2.jar:?]
	at org.mariadb.jdbc.client.impl.StandardClient.<init>(StandardClient.java:226) ~[mariadb-java-client-3.4.2.jar:?]
	at org.mariadb.jdbc.Driver.connect(Driver.java:68) ~[mariadb-java-client-3.4.2.jar:?]
	at org.mariadb.jdbc.Driver.connect(Driver.java:92) ~[mariadb-java-client-3.4.2.jar:?]
	at org.mariadb.jdbc.Driver.connect(Driver.java:26) ~[mariadb-java-client-3.4.2.jar:?]
	at com.zaxxer.hikari.util.DriverDataSource.getConnection(DriverDataSource.java:137) ~[HikariCP-5.1.0.jar:?]
	at com.zaxxer.hikari.pool.PoolBase.newConnection(PoolBase.java:360) ~[HikariCP-5.1.0.jar:?]
	at com.zaxxer.hikari.pool.PoolBase.newPoolEntry(PoolBase.java:202) ~[HikariCP-5.1.0.jar:?]
	at com.zaxxer.hikari.pool.HikariPool.createPoolEntry(HikariPool.java:461) ~[HikariCP-5.1.0.jar:?]
	at com.zaxxer.hikari.pool.HikariPool.checkFailFast(HikariPool.java:550) ~[HikariCP-5.1.0.jar:?]
	at com.zaxxer.hikari.pool.HikariPool.<init>(HikariPool.java:98) ~[HikariCP-5.1.0.jar:?]
	at com.zaxxer.hikari.HikariDataSource.getConnection(HikariDataSource.java:111) ~[HikariCP-5.1.0.jar:?]
	at org.hibernate.engine.jdbc.connections.internal.DatasourceConnectionProviderImpl.getConnection(DatasourceConnectionProviderImpl.java:126) ~[hibernate-core-6.6.22.Final.jar:6.6.22.Final]
	at org.hibernate.engine.jdbc.env.internal.JdbcEnvironmentInitiator$ConnectionProviderJdbcConnectionAccess.obtainConnection(JdbcEnvironmentInitiator.java:483) ~[hibernate-core-6.6.22.Final.jar:6.6.22.Final]
	at org.hibernate.resource.transaction.backend.jdbc.internal.JdbcIsolationDelegate.delegateWork(JdbcIsolationDelegate.java:61) ~[hibernate-core-6.6.22.Final.jar:6.6.22.Final]
	... 38 more

2025-08-26T13:40:14.367+09:00  WARN 2832 --- [MySpringBoot3Project] [restartedMain] o.h.o.deprecation                        : HHH90000025: MariaDBDialect does not need to be specified explicitly using 'hibernate.dialect' (remove the property setting and it will be selected by default)
2025-08-26T13:40:14.375+09:00  INFO 2832 --- [MySpringBoot3Project] [restartedMain] o.h.o.c.pooling                          : HHH10001005: Database info:
	Database JDBC URL [Connecting through datasource 'HikariDataSource (null)']
	Database driver: undefined/unknown
	Database version: 10.4
	Autocommit mode: undefined/unknown
	Isolation level: undefined/unknown
	Minimum pool size: undefined/unknown
	Maximum pool size: undefined/unknown
2025-08-26T13:40:15.034+09:00  INFO 2832 --- [MySpringBoot3Project] [restartedMain] o.h.e.t.j.p.i.JtaPlatformInitiator       : HHH000489: No JTA platform available (set 'hibernate.transaction.jta.platform' to enable JTA platform integration)
2025-08-26T13:40:15.047+09:00  INFO 2832 --- [MySpringBoot3Project] [restartedMain] c.z.h.HikariDataSource                   : HikariPool-1 - Starting...
2025-08-26T13:40:15.050+09:00  WARN 2832 --- [MySpringBoot3Project] [restartedMain] o.m.j.m.s.ErrorPacket                    : Error: 1044-42000: Access denied for user 'boot'@'localhost' to database 'boot_db'
2025-08-26T13:40:16.051+09:00  WARN 2832 --- [MySpringBoot3Project] [restartedMain] o.h.e.j.s.SqlExceptionHelper             : SQL Error: 1044, SQLState: 42000
2025-08-26T13:40:16.051+09:00 ERROR 2832 --- [MySpringBoot3Project] [restartedMain] o.h.e.j.s.SqlExceptionHelper             : (conn=129) Access denied for user 'boot'@'localhost' to database 'boot_db'
2025-08-26T13:40:16.054+09:00 ERROR 2832 --- [MySpringBoot3Project] [restartedMain] j.LocalContainerEntityManagerFactoryBean : Failed to initialize JPA EntityManagerFactory: [PersistenceUnit: default] Unable to build Hibernate SessionFactory; nested exception is org.hibernate.exception.SQLGrammarException: Unable to open JDBC Connection for DDL execution [(conn=129) Access denied for user 'boot'@'localhost' to database 'boot_db'] [n/a]
2025-08-26T13:40:16.054+09:00  WARN 2832 --- [MySpringBoot3Project] [restartedMain] ConfigServletWebServerApplicationContext : Exception encountered during context initialization - cancelling refresh attempt: org.springframework.beans.factory.BeanCreationException: Error creating bean with name 'entityManagerFactory' defined in class path resource [org/springframework/boot/autoconfigure/orm/jpa/HibernateJpaConfiguration.class]: [PersistenceUnit: default] Unable to build Hibernate SessionFactory; nested exception is org.hibernate.exception.SQLGrammarException: Unable to open JDBC Connection for DDL execution [(conn=129) Access denied for user 'boot'@'localhost' to database 'boot_db'] [n/a]
2025-08-26T13:40:16.058+09:00  INFO 2832 --- [MySpringBoot3Project] [restartedMain] o.a.c.c.StandardService                  : Stopping service [Tomcat]
2025-08-26T13:40:16.073+09:00  INFO 2832 --- [MySpringBoot3Project] [restartedMain] .s.b.a.l.ConditionEvaluationReportLogger : 

Error starting ApplicationContext. To display the condition evaluation report re-run your application with 'debug' enabled.
2025-08-26T13:40:16.089+09:00 ERROR 2832 --- [MySpringBoot3Project] [restartedMain] o.s.b.SpringApplication                  : Application run failed

org.springframework.beans.factory.BeanCreationException: Error creating bean with name 'entityManagerFactory' defined in class path resource [org/springframework/boot/autoconfigure/orm/jpa/HibernateJpaConfiguration.class]: [PersistenceUnit: default] Unable to build Hibernate SessionFactory; nested exception is org.hibernate.exception.SQLGrammarException: Unable to open JDBC Connection for DDL execution [(conn=129) Access denied for user 'boot'@'localhost' to database 'boot_db'] [n/a]
	at org.springframework.beans.factory.support.AbstractAutowireCapableBeanFactory.initializeBean(AbstractAutowireCapableBeanFactory.java:1826) ~[spring-beans-6.2.8.jar:6.2.8]
	at org.springframework.beans.factory.support.AbstractAutowireCapableBeanFactory.doCreateBean(AbstractAutowireCapableBeanFactory.java:607) ~[spring-beans-6.2.8.jar:6.2.8]
	at org.springframework.beans.factory.support.AbstractAutowireCapableBeanFactory.createBean(AbstractAutowireCapableBeanFactory.java:529) ~[spring-beans-6.2.8.jar:6.2.8]
	at org.springframework.beans.factory.support.AbstractBeanFactory.lambda$doGetBean$0(AbstractBeanFactory.java:339) ~[spring-beans-6.2.8.jar:6.2.8]
	at org.springframework.beans.factory.support.DefaultSingletonBeanRegistry.getSingleton(DefaultSingletonBeanRegistry.java:373) ~[spring-beans-6.2.8.jar:6.2.8]
	at org.springframework.beans.factory.support.AbstractBeanFactory.doGetBean(AbstractBeanFactory.java:337) ~[spring-beans-6.2.8.jar:6.2.8]
	at org.springframework.beans.factory.support.AbstractBeanFactory.getBean(AbstractBeanFactory.java:207) ~[spring-beans-6.2.8.jar:6.2.8]
	at org.springframework.context.support.AbstractApplicationContext.finishBeanFactoryInitialization(AbstractApplicationContext.java:970) ~[spring-context-6.2.8.jar:6.2.8]
	at org.springframework.context.support.AbstractApplicationContext.refresh(AbstractApplicationContext.java:627) ~[spring-context-6.2.8.jar:6.2.8]
	at org.springframework.boot.web.servlet.context.ServletWebServerApplicationContext.refresh(ServletWebServerApplicationContext.java:146) ~[spring-boot-3.4.8.jar:3.4.8]
	at org.springframework.boot.SpringApplication.refresh(SpringApplication.java:752) [spring-boot-3.4.8.jar:3.4.8]
	at org.springframework.boot.SpringApplication.refreshContext(SpringApplication.java:439) [spring-boot-3.4.8.jar:3.4.8]
	at org.springframework.boot.SpringApplication.run(SpringApplication.java:318) [spring-boot-3.4.8.jar:3.4.8]
	at org.springframework.boot.SpringApplication.run(SpringApplication.java:1361) [spring-boot-3.4.8.jar:3.4.8]
	at org.springframework.boot.SpringApplication.run(SpringApplication.java:1350) [spring-boot-3.4.8.jar:3.4.8]
	at com.rookies4.myspringboot.MySpringBoot3ProjectApplication.main(MySpringBoot3ProjectApplication.java:10) [classes/:?]
	at java.base/jdk.internal.reflect.DirectMethodHandleAccessor.invoke(DirectMethodHandleAccessor.java:104) ~[?:?]
	at java.base/java.lang.reflect.Method.invoke(Method.java:565) ~[?:?]
	at org.springframework.boot.devtools.restart.RestartLauncher.run(RestartLauncher.java:50) [spring-boot-devtools-3.4.8.jar:3.4.8]
Caused by: jakarta.persistence.PersistenceException: [PersistenceUnit: default] Unable to build Hibernate SessionFactory; nested exception is org.hibernate.exception.SQLGrammarException: Unable to open JDBC Connection for DDL execution [(conn=129) Access denied for user 'boot'@'localhost' to database 'boot_db'] [n/a]
	at org.springframework.orm.jpa.AbstractEntityManagerFactoryBean.buildNativeEntityManagerFactory(AbstractEntityManagerFactoryBean.java:431) ~[spring-orm-6.2.8.jar:6.2.8]
	at org.springframework.orm.jpa.AbstractEntityManagerFactoryBean.afterPropertiesSet(AbstractEntityManagerFactoryBean.java:400) ~[spring-orm-6.2.8.jar:6.2.8]
	at org.springframework.orm.jpa.LocalContainerEntityManagerFactoryBean.afterPropertiesSet(LocalContainerEntityManagerFactoryBean.java:366) ~[spring-orm-6.2.8.jar:6.2.8]
	at org.springframework.beans.factory.support.AbstractAutowireCapableBeanFactory.invokeInitMethods(AbstractAutowireCapableBeanFactory.java:1873) ~[spring-beans-6.2.8.jar:6.2.8]
	at org.springframework.beans.factory.support.AbstractAutowireCapableBeanFactory.initializeBean(AbstractAutowireCapableBeanFactory.java:1822) ~[spring-beans-6.2.8.jar:6.2.8]
	... 18 more
Caused by: org.hibernate.exception.SQLGrammarException: Unable to open JDBC Connection for DDL execution [(conn=129) Access denied for user 'boot'@'localhost' to database 'boot_db'] [n/a]
	at org.hibernate.exception.internal.SQLExceptionTypeDelegate.convert(SQLExceptionTypeDelegate.java:66) ~[hibernate-core-6.6.22.Final.jar:6.6.22.Final]
	at org.hibernate.exception.internal.StandardSQLExceptionConverter.convert(StandardSQLExceptionConverter.java:58) ~[hibernate-core-6.6.22.Final.jar:6.6.22.Final]
	at org.hibernate.engine.jdbc.spi.SqlExceptionHelper.convert(SqlExceptionHelper.java:108) ~[hibernate-core-6.6.22.Final.jar:6.6.22.Final]
	at org.hibernate.engine.jdbc.spi.SqlExceptionHelper.convert(SqlExceptionHelper.java:94) ~[hibernate-core-6.6.22.Final.jar:6.6.22.Final]
	at org.hibernate.resource.transaction.backend.jdbc.internal.DdlTransactionIsolatorNonJtaImpl.getIsolatedConnection(DdlTransactionIsolatorNonJtaImpl.java:74) ~[hibernate-core-6.6.22.Final.jar:6.6.22.Final]
	at org.hibernate.resource.transaction.backend.jdbc.internal.DdlTransactionIsolatorNonJtaImpl.getIsolatedConnection(DdlTransactionIsolatorNonJtaImpl.java:39) ~[hibernate-core-6.6.22.Final.jar:6.6.22.Final]
	at org.hibernate.tool.schema.internal.exec.ImprovedExtractionContextImpl.getJdbcConnection(ImprovedExtractionContextImpl.java:63) ~[hibernate-core-6.6.22.Final.jar:6.6.22.Final]
	at org.hibernate.tool.schema.extract.spi.ExtractionContext.getQueryResults(ExtractionContext.java:43) ~[hibernate-core-6.6.22.Final.jar:6.6.22.Final]
	at org.hibernate.tool.schema.extract.internal.SequenceInformationExtractorMariaDBDatabaseImpl.extractMetadata(SequenceInformationExtractorMariaDBDatabaseImpl.java:46) ~[hibernate-core-6.6.22.Final.jar:6.6.22.Final]
	at org.hibernate.tool.schema.extract.internal.DatabaseInformationImpl.initializeSequences(DatabaseInformationImpl.java:66) ~[hibernate-core-6.6.22.Final.jar:6.6.22.Final]
	at org.hibernate.tool.schema.extract.internal.DatabaseInformationImpl.<init>(DatabaseInformationImpl.java:60) ~[hibernate-core-6.6.22.Final.jar:6.6.22.Final]
	at org.hibernate.tool.schema.internal.Helper.buildDatabaseInformation(Helper.java:185) ~[hibernate-core-6.6.22.Final.jar:6.6.22.Final]
	at org.hibernate.tool.schema.internal.AbstractSchemaMigrator.doMigration(AbstractSchemaMigrator.java:93) ~[hibernate-core-6.6.22.Final.jar:6.6.22.Final]
	at org.hibernate.tool.schema.spi.SchemaManagementToolCoordinator.performDatabaseAction(SchemaManagementToolCoordinator.java:280) ~[hibernate-core-6.6.22.Final.jar:6.6.22.Final]
	at org.hibernate.tool.schema.spi.SchemaManagementToolCoordinator.lambda$process$5(SchemaManagementToolCoordinator.java:144) ~[hibernate-core-6.6.22.Final.jar:6.6.22.Final]
	at java.base/java.util.HashMap.forEach(HashMap.java:1430) ~[?:?]
	at org.hibernate.tool.schema.spi.SchemaManagementToolCoordinator.process(SchemaManagementToolCoordinator.java:141) ~[hibernate-core-6.6.22.Final.jar:6.6.22.Final]
	at org.hibernate.boot.internal.SessionFactoryObserverForSchemaExport.sessionFactoryCreated(SessionFactoryObserverForSchemaExport.java:37) ~[hibernate-core-6.6.22.Final.jar:6.6.22.Final]
	at org.hibernate.internal.SessionFactoryObserverChain.sessionFactoryCreated(SessionFactoryObserverChain.java:35) ~[hibernate-core-6.6.22.Final.jar:6.6.22.Final]
	at org.hibernate.internal.SessionFactoryImpl.<init>(SessionFactoryImpl.java:324) ~[hibernate-core-6.6.22.Final.jar:6.6.22.Final]
	at org.hibernate.boot.internal.SessionFactoryBuilderImpl.build(SessionFactoryBuilderImpl.java:463) ~[hibernate-core-6.6.22.Final.jar:6.6.22.Final]
	at org.hibernate.jpa.boot.internal.EntityManagerFactoryBuilderImpl.build(EntityManagerFactoryBuilderImpl.java:1517) ~[hibernate-core-6.6.22.Final.jar:6.6.22.Final]
	at org.springframework.orm.jpa.vendor.SpringHibernateJpaPersistenceProvider.createContainerEntityManagerFactory(SpringHibernateJpaPersistenceProvider.java:66) ~[spring-orm-6.2.8.jar:6.2.8]
	at org.springframework.orm.jpa.LocalContainerEntityManagerFactoryBean.createNativeEntityManagerFactory(LocalContainerEntityManagerFactoryBean.java:390) ~[spring-orm-6.2.8.jar:6.2.8]
	at org.springframework.orm.jpa.AbstractEntityManagerFactoryBean.buildNativeEntityManagerFactory(AbstractEntityManagerFactoryBean.java:419) ~[spring-orm-6.2.8.jar:6.2.8]
	at org.springframework.orm.jpa.AbstractEntityManagerFactoryBean.afterPropertiesSet(AbstractEntityManagerFactoryBean.java:400) ~[spring-orm-6.2.8.jar:6.2.8]
	at org.springframework.orm.jpa.LocalContainerEntityManagerFactoryBean.afterPropertiesSet(LocalContainerEntityManagerFactoryBean.java:366) ~[spring-orm-6.2.8.jar:6.2.8]
	at org.springframework.beans.factory.support.AbstractAutowireCapableBeanFactory.invokeInitMethods(AbstractAutowireCapableBeanFactory.java:1873) ~[spring-beans-6.2.8.jar:6.2.8]
	at org.springframework.beans.factory.support.AbstractAutowireCapableBeanFactory.initializeBean(AbstractAutowireCapableBeanFactory.java:1822) ~[spring-beans-6.2.8.jar:6.2.8]
	... 18 more
Caused by: java.sql.SQLSyntaxErrorException: (conn=129) Access denied for user 'boot'@'localhost' to database 'boot_db'
	at org.mariadb.jdbc.export.ExceptionFactory.createException(ExceptionFactory.java:289) ~[mariadb-java-client-3.4.2.jar:?]
	at org.mariadb.jdbc.export.ExceptionFactory.create(ExceptionFactory.java:378) ~[mariadb-java-client-3.4.2.jar:?]
	at org.mariadb.jdbc.client.impl.StandardClient.authenticationHandler(StandardClient.java:306) ~[mariadb-java-client-3.4.2.jar:?]
	at org.mariadb.jdbc.client.impl.StandardClient.<init>(StandardClient.java:226) ~[mariadb-java-client-3.4.2.jar:?]
	at org.mariadb.jdbc.Driver.connect(Driver.java:68) ~[mariadb-java-client-3.4.2.jar:?]
	at org.mariadb.jdbc.Driver.connect(Driver.java:92) ~[mariadb-java-client-3.4.2.jar:?]
	at org.mariadb.jdbc.Driver.connect(Driver.java:26) ~[mariadb-java-client-3.4.2.jar:?]
	at com.zaxxer.hikari.util.DriverDataSource.getConnection(DriverDataSource.java:137) ~[HikariCP-5.1.0.jar:?]
	at com.zaxxer.hikari.pool.PoolBase.newConnection(PoolBase.java:360) ~[HikariCP-5.1.0.jar:?]
	at com.zaxxer.hikari.pool.PoolBase.newPoolEntry(PoolBase.java:202) ~[HikariCP-5.1.0.jar:?]
	at com.zaxxer.hikari.pool.HikariPool.createPoolEntry(HikariPool.java:461) ~[HikariCP-5.1.0.jar:?]
	at com.zaxxer.hikari.pool.HikariPool.checkFailFast(HikariPool.java:550) ~[HikariCP-5.1.0.jar:?]
	at com.zaxxer.hikari.pool.HikariPool.<init>(HikariPool.java:98) ~[HikariCP-5.1.0.jar:?]
	at com.zaxxer.hikari.HikariDataSource.getConnection(HikariDataSource.java:111) ~[HikariCP-5.1.0.jar:?]
	at org.hibernate.engine.jdbc.connections.internal.DatasourceConnectionProviderImpl.getConnection(DatasourceConnectionProviderImpl.java:126) ~[hibernate-core-6.6.22.Final.jar:6.6.22.Final]
	at org.hibernate.engine.jdbc.env.internal.JdbcEnvironmentInitiator$ConnectionProviderJdbcConnectionAccess.obtainConnection(JdbcEnvironmentInitiator.java:483) ~[hibernate-core-6.6.22.Final.jar:6.6.22.Final]
	at org.hibernate.resource.transaction.backend.jdbc.internal.DdlTransactionIsolatorNonJtaImpl.getIsolatedConnection(DdlTransactionIsolatorNonJtaImpl.java:46) ~[hibernate-core-6.6.22.Final.jar:6.6.22.Final]
	at org.hibernate.resource.transaction.backend.jdbc.internal.DdlTransactionIsolatorNonJtaImpl.getIsolatedConnection(DdlTransactionIsolatorNonJtaImpl.java:39) ~[hibernate-core-6.6.22.Final.jar:6.6.22.Final]
	at org.hibernate.tool.schema.internal.exec.ImprovedExtractionContextImpl.getJdbcConnection(ImprovedExtractionContextImpl.java:63) ~[hibernate-core-6.6.22.Final.jar:6.6.22.Final]
	at org.hibernate.tool.schema.extract.spi.ExtractionContext.getQueryResults(ExtractionContext.java:43) ~[hibernate-core-6.6.22.Final.jar:6.6.22.Final]
	at org.hibernate.tool.schema.extract.internal.SequenceInformationExtractorMariaDBDatabaseImpl.extractMetadata(SequenceInformationExtractorMariaDBDatabaseImpl.java:46) ~[hibernate-core-6.6.22.Final.jar:6.6.22.Final]
	at org.hibernate.tool.schema.extract.internal.DatabaseInformationImpl.initializeSequences(DatabaseInformationImpl.java:66) ~[hibernate-core-6.6.22.Final.jar:6.6.22.Final]
	at org.hibernate.tool.schema.extract.internal.DatabaseInformationImpl.<init>(DatabaseInformationImpl.java:60) ~[hibernate-core-6.6.22.Final.jar:6.6.22.Final]
	at org.hibernate.tool.schema.internal.Helper.buildDatabaseInformation(Helper.java:185) ~[hibernate-core-6.6.22.Final.jar:6.6.22.Final]
	at org.hibernate.tool.schema.internal.AbstractSchemaMigrator.doMigration(AbstractSchemaMigrator.java:93) ~[hibernate-core-6.6.22.Final.jar:6.6.22.Final]
	at org.hibernate.tool.schema.spi.SchemaManagementToolCoordinator.performDatabaseAction(SchemaManagementToolCoordinator.java:280) ~[hibernate-core-6.6.22.Final.jar:6.6.22.Final]
	at org.hibernate.tool.schema.spi.SchemaManagementToolCoordinator.lambda$process$5(SchemaManagementToolCoordinator.java:144) ~[hibernate-core-6.6.22.Final.jar:6.6.22.Final]
	at java.base/java.util.HashMap.forEach(HashMap.java:1430) ~[?:?]
	at org.hibernate.tool.schema.spi.SchemaManagementToolCoordinator.process(SchemaManagementToolCoordinator.java:141) ~[hibernate-core-6.6.22.Final.jar:6.6.22.Final]
	at org.hibernate.boot.internal.SessionFactoryObserverForSchemaExport.sessionFactoryCreated(SessionFactoryObserverForSchemaExport.java:37) ~[hibernate-core-6.6.22.Final.jar:6.6.22.Final]
	at org.hibernate.internal.SessionFactoryObserverChain.sessionFactoryCreated(SessionFactoryObserverChain.java:35) ~[hibernate-core-6.6.22.Final.jar:6.6.22.Final]
	at org.hibernate.internal.SessionFactoryImpl.<init>(SessionFactoryImpl.java:324) ~[hibernate-core-6.6.22.Final.jar:6.6.22.Final]
	at org.hibernate.boot.internal.SessionFactoryBuilderImpl.build(SessionFactoryBuilderImpl.java:463) ~[hibernate-core-6.6.22.Final.jar:6.6.22.Final]
	at org.hibernate.jpa.boot.internal.EntityManagerFactoryBuilderImpl.build(EntityManagerFactoryBuilderImpl.java:1517) ~[hibernate-core-6.6.22.Final.jar:6.6.22.Final]
	at org.springframework.orm.jpa.vendor.SpringHibernateJpaPersistenceProvider.createContainerEntityManagerFactory(SpringHibernateJpaPersistenceProvider.java:66) ~[spring-orm-6.2.8.jar:6.2.8]
	at org.springframework.orm.jpa.LocalContainerEntityManagerFactoryBean.createNativeEntityManagerFactory(LocalContainerEntityManagerFactoryBean.java:390) ~[spring-orm-6.2.8.jar:6.2.8]
	at org.springframework.orm.jpa.AbstractEntityManagerFactoryBean.buildNativeEntityManagerFactory(AbstractEntityManagerFactoryBean.java:419) ~[spring-orm-6.2.8.jar:6.2.8]
	at org.springframework.orm.jpa.AbstractEntityManagerFactoryBean.afterPropertiesSet(AbstractEntityManagerFactoryBean.java:400) ~[spring-orm-6.2.8.jar:6.2.8]
	at org.springframework.orm.jpa.LocalContainerEntityManagerFactoryBean.afterPropertiesSet(LocalContainerEntityManagerFactoryBean.java:366) ~[spring-orm-6.2.8.jar:6.2.8]
	at org.springframework.beans.factory.support.AbstractAutowireCapableBeanFactory.invokeInitMethods(AbstractAutowireCapableBeanFactory.java:1873) ~[spring-beans-6.2.8.jar:6.2.8]
	at org.springframework.beans.factory.support.AbstractAutowireCapableBeanFactory.initializeBean(AbstractAutowireCapableBeanFactory.java:1822) ~[spring-beans-6.2.8.jar:6.2.8]
	... 18 more

2025-08-26T13:49:57.807+09:00  INFO 12852 --- [MySpringBoot3Project] [restartedMain] c.r.m.MySpringBoot3ProjectApplication    : Starting MySpringBoot3ProjectApplication using Java 24.0.2 with PID 12852 (C:\mybackend\SpringBoot\MySpringBoot3Project (1)\MySpringBoot3Project\target\classes started by user in C:\mybackend\SpringBoot\MySpringBoot3Project (1)\MySpringBoot3Project)
2025-08-26T13:49:57.811+09:00  INFO 12852 --- [MySpringBoot3Project] [restartedMain] c.r.m.MySpringBoot3ProjectApplication    : The following 1 profile is active: "prod"
2025-08-26T13:49:57.858+09:00  INFO 12852 --- [MySpringBoot3Project] [restartedMain] .e.DevToolsPropertyDefaultsPostProcessor : Devtools property defaults active! Set 'spring.devtools.add-properties' to 'false' to disable
2025-08-26T13:49:57.858+09:00  INFO 12852 --- [MySpringBoot3Project] [restartedMain] .e.DevToolsPropertyDefaultsPostProcessor : For additional web related logging consider setting the 'logging.level.web' property to 'DEBUG'
2025-08-26T13:49:58.804+09:00  INFO 12852 --- [MySpringBoot3Project] [restartedMain] .s.d.r.c.RepositoryConfigurationDelegate : Bootstrapping Spring Data JPA repositories in DEFAULT mode.
2025-08-26T13:49:58.870+09:00  INFO 12852 --- [MySpringBoot3Project] [restartedMain] .s.d.r.c.RepositoryConfigurationDelegate : Finished Spring Data repository scanning in 57 ms. Found 4 JPA repository interfaces.
2025-08-26T13:49:59.617+09:00  INFO 12852 --- [MySpringBoot3Project] [restartedMain] o.s.b.w.e.t.TomcatWebServer              : Tomcat initialized with port 8080 (http)
2025-08-26T13:49:59.644+09:00  INFO 12852 --- [MySpringBoot3Project] [restartedMain] o.a.c.c.StandardService                  : Starting service [Tomcat]
2025-08-26T13:49:59.646+09:00  INFO 12852 --- [MySpringBoot3Project] [restartedMain] o.a.c.c.StandardEngine                   : Starting Servlet engine: [Apache Tomcat/10.1.43]
2025-08-26T13:49:59.700+09:00  INFO 12852 --- [MySpringBoot3Project] [restartedMain] o.a.c.c.C.[.[.[/]                        : Initializing Spring embedded WebApplicationContext
2025-08-26T13:49:59.702+09:00  INFO 12852 --- [MySpringBoot3Project] [restartedMain] w.s.c.ServletWebServerApplicationContext : Root WebApplicationContext: initialization completed in 1843 ms
2025-08-26T13:50:00.028+09:00  INFO 12852 --- [MySpringBoot3Project] [restartedMain] o.h.j.i.u.LogHelper                      : HHH000204: Processing PersistenceUnitInfo [name: default]
2025-08-26T13:50:00.086+09:00  INFO 12852 --- [MySpringBoot3Project] [restartedMain] o.h.Version                              : HHH000412: Hibernate ORM core version 6.6.22.Final
2025-08-26T13:50:00.120+09:00  INFO 12852 --- [MySpringBoot3Project] [restartedMain] o.h.c.i.RegionFactoryInitiator           : HHH000026: Second-level cache disabled
2025-08-26T13:50:00.360+09:00  INFO 12852 --- [MySpringBoot3Project] [restartedMain] o.s.o.j.p.SpringPersistenceUnitInfo      : No LoadTimeWeaver setup: ignoring JPA class transformer
2025-08-26T13:50:00.386+09:00  INFO 12852 --- [MySpringBoot3Project] [restartedMain] c.z.h.HikariDataSource                   : HikariPool-1 - Starting...
2025-08-26T13:50:00.470+09:00  INFO 12852 --- [MySpringBoot3Project] [restartedMain] c.z.h.p.HikariPool                       : HikariPool-1 - Added connection org.mariadb.jdbc.Connection@787fda
2025-08-26T13:50:00.472+09:00  INFO 12852 --- [MySpringBoot3Project] [restartedMain] c.z.h.HikariDataSource                   : HikariPool-1 - Start completed.
2025-08-26T13:50:00.489+09:00  WARN 12852 --- [MySpringBoot3Project] [restartedMain] o.h.o.deprecation                        : HHH90000025: MariaDBDialect does not need to be specified explicitly using 'hibernate.dialect' (remove the property setting and it will be selected by default)
2025-08-26T13:50:00.501+09:00  INFO 12852 --- [MySpringBoot3Project] [restartedMain] o.h.o.c.pooling                          : HHH10001005: Database info:
	Database JDBC URL [Connecting through datasource 'HikariDataSource (HikariPool-1)']
	Database driver: undefined/unknown
	Database version: 10.11.5
	Autocommit mode: undefined/unknown
	Isolation level: undefined/unknown
	Minimum pool size: undefined/unknown
	Maximum pool size: undefined/unknown
2025-08-26T13:50:01.159+09:00  INFO 12852 --- [MySpringBoot3Project] [restartedMain] o.h.e.t.j.p.i.JtaPlatformInitiator       : HHH000489: No JTA platform available (set 'hibernate.transaction.jta.platform' to enable JTA platform integration)
2025-08-26T13:50:01.519+09:00  INFO 12852 --- [MySpringBoot3Project] [restartedMain] j.LocalContainerEntityManagerFactoryBean : Initialized JPA EntityManagerFactory for persistence unit 'default'
2025-08-26T13:50:01.857+09:00  INFO 12852 --- [MySpringBoot3Project] [restartedMain] o.s.d.j.r.q.QueryEnhancerFactory         : Hibernate is in classpath; If applicable, HQL parser will be used.
2025-08-26T13:50:02.366+09:00  WARN 12852 --- [MySpringBoot3Project] [restartedMain] JpaBaseConfiguration$JpaWebConfiguration : spring.jpa.open-in-view is enabled by default. Therefore, database queries may be performed during view rendering. Explicitly configure spring.jpa.open-in-view to disable this warning
2025-08-26T13:50:02.388+09:00  INFO 12852 --- [MySpringBoot3Project] [restartedMain] o.s.b.a.w.s.WelcomePageHandlerMapping    : Adding welcome page: class path resource [static/index.html]
2025-08-26T13:50:02.919+09:00  INFO 12852 --- [MySpringBoot3Project] [restartedMain] o.s.b.a.h.H2ConsoleAutoConfiguration     : H2 console available at '/h2-console'. Database available at 'jdbc:mariadb://127.0.0.1/boot_db?user=boot&password=***'
2025-08-26T13:50:02.958+09:00  INFO 12852 --- [MySpringBoot3Project] [restartedMain] o.s.b.d.a.OptionalLiveReloadServer       : LiveReload server is running on port 35729
2025-08-26T13:50:02.966+09:00  INFO 12852 --- [MySpringBoot3Project] [restartedMain] o.s.b.a.e.w.EndpointLinksResolver        : Exposing 15 endpoints beneath base path '/actuator'
2025-08-26T13:50:03.048+09:00  INFO 12852 --- [MySpringBoot3Project] [restartedMain] o.s.b.w.e.t.TomcatWebServer              : Tomcat started on port 8080 (http) with context path '/'
2025-08-26T13:50:03.059+09:00  INFO 12852 --- [MySpringBoot3Project] [restartedMain] c.r.m.MySpringBoot3ProjectApplication    : Started MySpringBoot3ProjectApplication in 5.682 seconds (process running for 6.334)
2025-08-26T13:50:03.136+09:00  INFO 12852 --- [MySpringBoot3Project] [restartedMain] c.r.m.r.DatabaseRunner                   : DataSource 구현객체는 com.zaxxer.hikari.HikariDataSource 
2025-08-26T13:50:03.137+09:00  INFO 12852 --- [MySpringBoot3Project] [restartedMain] c.r.m.r.DatabaseRunner                   : DB Product Name = MariaDB
2025-08-26T13:50:03.137+09:00  INFO 12852 --- [MySpringBoot3Project] [restartedMain] c.r.m.r.DatabaseRunner                   : DB URL = jdbc:mariadb://127.0.0.1/boot_db?user=boot&password=***
2025-08-26T13:50:03.138+09:00  INFO 12852 --- [MySpringBoot3Project] [restartedMain] c.r.m.r.DatabaseRunner                   : DB Username = boot
2025-08-26T13:50:03.138+09:00  INFO 12852 --- [MySpringBoot3Project] [restartedMain] c.r.m.r.MyPropsRunner                    : 현재 활성화된 CustomerVO Bean = CustomVO(mode=운영모드, rate=1.5)
2025-08-26T13:50:03.141+09:00  INFO 12852 --- [MySpringBoot3Project] [restartedMain] c.r.m.r.MyPropsRunner                    : MyBootProperties.getName() = Spring PROD
2025-08-26T13:50:03.141+09:00  INFO 12852 --- [MySpringBoot3Project] [restartedMain] c.r.m.r.MyPropsRunner                    : MyBootProperties.getAge() = 6
2025-08-26T13:50:03.141+09:00  INFO 12852 --- [MySpringBoot3Project] [restartedMain] c.r.m.r.MyPropsRunner                    : MyBootProperties.getFullName() = Spring PROD Boot
2025-08-26T13:50:03.142+09:00  INFO 12852 --- [MySpringBoot3Project] [restartedMain] c.r.m.r.MyPropsRunner                    : Properties myboot.name = Spring PROD
2025-08-26T13:50:03.142+09:00  INFO 12852 --- [MySpringBoot3Project] [restartedMain] c.r.m.r.MyPropsRunner                    : Properties myboot.age = 13
2025-08-26T13:50:03.142+09:00  INFO 12852 --- [MySpringBoot3Project] [restartedMain] c.r.m.r.MyPropsRunner                    : Properties myboot.fullName = Spring PROD Boot
2025-08-26T16:25:15.644+09:00  INFO 12852 --- [MySpringBoot3Project] [http-nio-8080-exec-2] o.a.c.c.C.[.[.[/]                        : Initializing Spring DispatcherServlet 'dispatcherServlet'
2025-08-26T16:25:15.644+09:00  INFO 12852 --- [MySpringBoot3Project] [http-nio-8080-exec-2] o.s.w.s.DispatcherServlet                : Initializing Servlet 'dispatcherServlet'
2025-08-26T16:25:15.646+09:00  INFO 12852 --- [MySpringBoot3Project] [http-nio-8080-exec-2] o.s.w.s.DispatcherServlet                : Completed initialization in 1 ms
2025-08-26T16:42:11.187+09:00  WARN 12852 --- [MySpringBoot3Project] [http-nio-8080-exec-10] .w.s.m.s.DefaultHandlerExceptionResolver : Resolved [org.springframework.web.HttpRequestMethodNotSupportedException: Request method 'POST' is not supported]
2025-08-26T21:47:11.609+09:00  WARN 12852 --- [MySpringBoot3Project] [HikariPool-1 housekeeper] c.z.h.p.HikariPool                       : HikariPool-1 - Thread starvation or clock leap detected (housekeeper delta=3h56m9s579ms841µs200ns).
2025-08-27T03:38:35.731+09:00  INFO 12852 --- [MySpringBoot3Project] [SpringApplicationShutdownHook] o.s.b.w.e.t.GracefulShutdown             : Commencing graceful shutdown. Waiting for active requests to complete
2025-08-27T03:38:35.743+09:00  INFO 12852 --- [MySpringBoot3Project] [tomcat-shutdown] o.s.b.w.e.t.GracefulShutdown             : Graceful shutdown complete
2025-08-27T03:38:35.749+09:00  INFO 12852 --- [MySpringBoot3Project] [SpringApplicationShutdownHook] j.LocalContainerEntityManagerFactoryBean : Closing JPA EntityManagerFactory for persistence unit 'default'
2025-08-27T03:38:35.755+09:00  INFO 12852 --- [MySpringBoot3Project] [SpringApplicationShutdownHook] c.z.h.HikariDataSource                   : HikariPool-1 - Shutdown initiated...
2025-08-27T03:38:35.758+09:00  INFO 12852 --- [MySpringBoot3Project] [SpringApplicationShutdownHook] c.z.h.HikariDataSource                   : HikariPool-1 - Shutdown completed.
2025-08-27T09:23:20.372+09:00  INFO 20168 --- [MySpringBoot3Project] [restartedMain] c.r.m.MySpringBoot3ProjectApplication    : Starting MySpringBoot3ProjectApplication using Java 24.0.2 with PID 20168 (C:\mybackend\SpringBoot\MySpringBoot3Project (1)\MySpringBoot3Project\target\classes started by user in C:\mybackend\SpringBoot\MySpringBoot3Project (1)\MySpringBoot3Project)
2025-08-27T09:23:20.392+09:00  INFO 20168 --- [MySpringBoot3Project] [restartedMain] c.r.m.MySpringBoot3ProjectApplication    : The following 1 profile is active: "prod"
2025-08-27T09:23:20.536+09:00  INFO 20168 --- [MySpringBoot3Project] [restartedMain] .e.DevToolsPropertyDefaultsPostProcessor : Devtools property defaults active! Set 'spring.devtools.add-properties' to 'false' to disable
2025-08-27T09:23:20.536+09:00  INFO 20168 --- [MySpringBoot3Project] [restartedMain] .e.DevToolsPropertyDefaultsPostProcessor : For additional web related logging consider setting the 'logging.level.web' property to 'DEBUG'
2025-08-27T09:23:24.292+09:00  INFO 20168 --- [MySpringBoot3Project] [restartedMain] .s.d.r.c.RepositoryConfigurationDelegate : Bootstrapping Spring Data JPA repositories in DEFAULT mode.
2025-08-27T09:23:24.650+09:00  INFO 20168 --- [MySpringBoot3Project] [restartedMain] .s.d.r.c.RepositoryConfigurationDelegate : Finished Spring Data repository scanning in 319 ms. Found 4 JPA repository interfaces.
2025-08-27T09:23:27.101+09:00  INFO 20168 --- [MySpringBoot3Project] [restartedMain] o.s.b.w.e.t.TomcatWebServer              : Tomcat initialized with port 8080 (http)
2025-08-27T09:23:27.175+09:00  INFO 20168 --- [MySpringBoot3Project] [restartedMain] o.a.c.c.StandardService                  : Starting service [Tomcat]
2025-08-27T09:23:27.182+09:00  INFO 20168 --- [MySpringBoot3Project] [restartedMain] o.a.c.c.StandardEngine                   : Starting Servlet engine: [Apache Tomcat/10.1.43]
2025-08-27T09:23:27.383+09:00  INFO 20168 --- [MySpringBoot3Project] [restartedMain] o.a.c.c.C.[.[.[/]                        : Initializing Spring embedded WebApplicationContext
2025-08-27T09:23:27.384+09:00  INFO 20168 --- [MySpringBoot3Project] [restartedMain] w.s.c.ServletWebServerApplicationContext : Root WebApplicationContext: initialization completed in 6847 ms
2025-08-27T09:23:28.336+09:00  INFO 20168 --- [MySpringBoot3Project] [restartedMain] o.h.j.i.u.LogHelper                      : HHH000204: Processing PersistenceUnitInfo [name: default]
2025-08-27T09:23:28.599+09:00  INFO 20168 --- [MySpringBoot3Project] [restartedMain] o.h.Version                              : HHH000412: Hibernate ORM core version 6.6.22.Final
2025-08-27T09:23:28.721+09:00  INFO 20168 --- [MySpringBoot3Project] [restartedMain] o.h.c.i.RegionFactoryInitiator           : HHH000026: Second-level cache disabled
2025-08-27T09:23:29.793+09:00  INFO 20168 --- [MySpringBoot3Project] [restartedMain] o.s.o.j.p.SpringPersistenceUnitInfo      : No LoadTimeWeaver setup: ignoring JPA class transformer
2025-08-27T09:23:29.905+09:00  INFO 20168 --- [MySpringBoot3Project] [restartedMain] c.z.h.HikariDataSource                   : HikariPool-1 - Starting...
2025-08-27T09:23:30.210+09:00  INFO 20168 --- [MySpringBoot3Project] [restartedMain] c.z.h.p.HikariPool                       : HikariPool-1 - Added connection org.mariadb.jdbc.Connection@5270931
2025-08-27T09:23:30.214+09:00  INFO 20168 --- [MySpringBoot3Project] [restartedMain] c.z.h.HikariDataSource                   : HikariPool-1 - Start completed.
2025-08-27T09:23:30.319+09:00  WARN 20168 --- [MySpringBoot3Project] [restartedMain] o.h.o.deprecation                        : HHH90000025: MariaDBDialect does not need to be specified explicitly using 'hibernate.dialect' (remove the property setting and it will be selected by default)
2025-08-27T09:23:30.382+09:00  INFO 20168 --- [MySpringBoot3Project] [restartedMain] o.h.o.c.pooling                          : HHH10001005: Database info:
	Database JDBC URL [Connecting through datasource 'HikariDataSource (HikariPool-1)']
	Database driver: undefined/unknown
	Database version: 10.11.5
	Autocommit mode: undefined/unknown
	Isolation level: undefined/unknown
	Minimum pool size: undefined/unknown
	Maximum pool size: undefined/unknown
2025-08-27T09:23:33.752+09:00  INFO 20168 --- [MySpringBoot3Project] [restartedMain] o.h.e.t.j.p.i.JtaPlatformInitiator       : HHH000489: No JTA platform available (set 'hibernate.transaction.jta.platform' to enable JTA platform integration)
2025-08-27T09:23:33.971+09:00  INFO 20168 --- [MySpringBoot3Project] [restartedMain] j.LocalContainerEntityManagerFactoryBean : Initialized JPA EntityManagerFactory for persistence unit 'default'
2025-08-27T09:23:34.930+09:00  INFO 20168 --- [MySpringBoot3Project] [restartedMain] o.s.d.j.r.q.QueryEnhancerFactory         : Hibernate is in classpath; If applicable, HQL parser will be used.
2025-08-27T09:23:37.417+09:00  WARN 20168 --- [MySpringBoot3Project] [restartedMain] JpaBaseConfiguration$JpaWebConfiguration : spring.jpa.open-in-view is enabled by default. Therefore, database queries may be performed during view rendering. Explicitly configure spring.jpa.open-in-view to disable this warning
2025-08-27T09:23:37.505+09:00  INFO 20168 --- [MySpringBoot3Project] [restartedMain] o.s.b.a.w.s.WelcomePageHandlerMapping    : Adding welcome page: class path resource [static/index.html]
2025-08-27T09:23:39.475+09:00  INFO 20168 --- [MySpringBoot3Project] [restartedMain] o.s.b.a.h.H2ConsoleAutoConfiguration     : H2 console available at '/h2-console'. Database available at 'jdbc:mariadb://127.0.0.1/boot_db?user=boot&password=***'
2025-08-27T09:23:39.612+09:00  INFO 20168 --- [MySpringBoot3Project] [restartedMain] o.s.b.d.a.OptionalLiveReloadServer       : LiveReload server is running on port 35729
2025-08-27T09:23:39.643+09:00  INFO 20168 --- [MySpringBoot3Project] [restartedMain] o.s.b.a.e.w.EndpointLinksResolver        : Exposing 15 endpoints beneath base path '/actuator'
2025-08-27T09:23:39.930+09:00  INFO 20168 --- [MySpringBoot3Project] [restartedMain] o.s.b.w.e.t.TomcatWebServer              : Tomcat started on port 8080 (http) with context path '/'
2025-08-27T09:23:39.979+09:00  INFO 20168 --- [MySpringBoot3Project] [restartedMain] c.r.m.MySpringBoot3ProjectApplication    : Started MySpringBoot3ProjectApplication in 20.86 seconds (process running for 26.817)
2025-08-27T09:23:40.011+09:00  INFO 20168 --- [MySpringBoot3Project] [restartedMain] c.r.m.r.DatabaseRunner                   : DataSource 구현객체는 com.zaxxer.hikari.HikariDataSource 
2025-08-27T09:23:40.016+09:00  INFO 20168 --- [MySpringBoot3Project] [restartedMain] c.r.m.r.DatabaseRunner                   : DB Product Name = MariaDB
2025-08-27T09:23:40.017+09:00  INFO 20168 --- [MySpringBoot3Project] [restartedMain] c.r.m.r.DatabaseRunner                   : DB URL = jdbc:mariadb://127.0.0.1/boot_db?user=boot&password=***
2025-08-27T09:23:40.017+09:00  INFO 20168 --- [MySpringBoot3Project] [restartedMain] c.r.m.r.DatabaseRunner                   : DB Username = boot
2025-08-27T09:23:40.020+09:00  INFO 20168 --- [MySpringBoot3Project] [restartedMain] c.r.m.r.MyPropsRunner                    : 현재 활성화된 CustomerVO Bean = CustomVO(mode=운영모드, rate=1.5)
2025-08-27T09:23:40.025+09:00  INFO 20168 --- [MySpringBoot3Project] [restartedMain] c.r.m.r.MyPropsRunner                    : MyBootProperties.getName() = Spring PROD
2025-08-27T09:23:40.025+09:00  INFO 20168 --- [MySpringBoot3Project] [restartedMain] c.r.m.r.MyPropsRunner                    : MyBootProperties.getAge() = 55
2025-08-27T09:23:40.026+09:00  INFO 20168 --- [MySpringBoot3Project] [restartedMain] c.r.m.r.MyPropsRunner                    : MyBootProperties.getFullName() = Spring PROD Boot
2025-08-27T09:23:40.026+09:00  INFO 20168 --- [MySpringBoot3Project] [restartedMain] c.r.m.r.MyPropsRunner                    : Properties myboot.name = Spring PROD
2025-08-27T09:23:40.027+09:00  INFO 20168 --- [MySpringBoot3Project] [restartedMain] c.r.m.r.MyPropsRunner                    : Properties myboot.age = 58
2025-08-27T09:23:40.028+09:00  INFO 20168 --- [MySpringBoot3Project] [restartedMain] c.r.m.r.MyPropsRunner                    : Properties myboot.fullName = Spring PROD Boot
2025-08-27T09:24:18.901+09:00  INFO 20168 --- [MySpringBoot3Project] [http-nio-8080-exec-1] o.a.c.c.C.[.[.[/]                        : Initializing Spring DispatcherServlet 'dispatcherServlet'
2025-08-27T09:24:18.907+09:00  INFO 20168 --- [MySpringBoot3Project] [http-nio-8080-exec-1] o.s.w.s.DispatcherServlet                : Initializing Servlet 'dispatcherServlet'
2025-08-27T09:24:18.911+09:00  INFO 20168 --- [MySpringBoot3Project] [http-nio-8080-exec-1] o.s.w.s.DispatcherServlet                : Completed initialization in 3 ms
2025-08-27T10:44:48.270+09:00  INFO 20168 --- [MySpringBoot3Project] [SpringApplicationShutdownHook] o.s.b.w.e.t.GracefulShutdown             : Commencing graceful shutdown. Waiting for active requests to complete
2025-08-27T10:44:48.297+09:00  INFO 20168 --- [MySpringBoot3Project] [tomcat-shutdown] o.s.b.w.e.t.GracefulShutdown             : Graceful shutdown complete
2025-08-27T10:44:48.325+09:00  INFO 20168 --- [MySpringBoot3Project] [SpringApplicationShutdownHook] j.LocalContainerEntityManagerFactoryBean : Closing JPA EntityManagerFactory for persistence unit 'default'
2025-08-27T10:44:48.353+09:00  INFO 20168 --- [MySpringBoot3Project] [SpringApplicationShutdownHook] c.z.h.HikariDataSource                   : HikariPool-1 - Shutdown initiated...
2025-08-27T10:44:48.360+09:00  INFO 20168 --- [MySpringBoot3Project] [SpringApplicationShutdownHook] c.z.h.HikariDataSource                   : HikariPool-1 - Shutdown completed.
2025-08-27T10:44:54.398+09:00  INFO 9504 --- [MySpringBoot3Project] [restartedMain] c.r.m.MySpringBoot3ProjectApplication    : Starting MySpringBoot3ProjectApplication using Java 24.0.2 with PID 9504 (C:\mybackend\SpringBoot\MySpringBoot3Project (1)\MySpringBoot3Project\target\classes started by user in C:\mybackend\SpringBoot\MySpringBoot3Project (1)\MySpringBoot3Project)
2025-08-27T10:44:54.412+09:00  INFO 9504 --- [MySpringBoot3Project] [restartedMain] c.r.m.MySpringBoot3ProjectApplication    : The following 1 profile is active: "prod"
2025-08-27T10:44:54.516+09:00  INFO 9504 --- [MySpringBoot3Project] [restartedMain] .e.DevToolsPropertyDefaultsPostProcessor : Devtools property defaults active! Set 'spring.devtools.add-properties' to 'false' to disable
2025-08-27T10:44:54.517+09:00  INFO 9504 --- [MySpringBoot3Project] [restartedMain] .e.DevToolsPropertyDefaultsPostProcessor : For additional web related logging consider setting the 'logging.level.web' property to 'DEBUG'
2025-08-27T10:44:56.610+09:00  INFO 9504 --- [MySpringBoot3Project] [restartedMain] .s.d.r.c.RepositoryConfigurationDelegate : Bootstrapping Spring Data JPA repositories in DEFAULT mode.
2025-08-27T10:44:56.733+09:00  INFO 9504 --- [MySpringBoot3Project] [restartedMain] .s.d.r.c.RepositoryConfigurationDelegate : Finished Spring Data repository scanning in 102 ms. Found 4 JPA repository interfaces.
2025-08-27T10:44:58.128+09:00  INFO 9504 --- [MySpringBoot3Project] [restartedMain] o.s.b.w.e.t.TomcatWebServer              : Tomcat initialized with port 8080 (http)
2025-08-27T10:44:58.169+09:00  INFO 9504 --- [MySpringBoot3Project] [restartedMain] o.a.c.c.StandardService                  : Starting service [Tomcat]
2025-08-27T10:44:58.172+09:00  INFO 9504 --- [MySpringBoot3Project] [restartedMain] o.a.c.c.StandardEngine                   : Starting Servlet engine: [Apache Tomcat/10.1.43]
2025-08-27T10:44:58.271+09:00  INFO 9504 --- [MySpringBoot3Project] [restartedMain] o.a.c.c.C.[.[.[/]                        : Initializing Spring embedded WebApplicationContext
2025-08-27T10:44:58.272+09:00  INFO 9504 --- [MySpringBoot3Project] [restartedMain] w.s.c.ServletWebServerApplicationContext : Root WebApplicationContext: initialization completed in 3752 ms
2025-08-27T10:44:58.760+09:00  INFO 9504 --- [MySpringBoot3Project] [restartedMain] o.h.j.i.u.LogHelper                      : HHH000204: Processing PersistenceUnitInfo [name: default]
2025-08-27T10:44:58.860+09:00  INFO 9504 --- [MySpringBoot3Project] [restartedMain] o.h.Version                              : HHH000412: Hibernate ORM core version 6.6.22.Final
2025-08-27T10:44:58.930+09:00  INFO 9504 --- [MySpringBoot3Project] [restartedMain] o.h.c.i.RegionFactoryInitiator           : HHH000026: Second-level cache disabled
2025-08-27T10:44:59.426+09:00  INFO 9504 --- [MySpringBoot3Project] [restartedMain] o.s.o.j.p.SpringPersistenceUnitInfo      : No LoadTimeWeaver setup: ignoring JPA class transformer
2025-08-27T10:44:59.465+09:00  INFO 9504 --- [MySpringBoot3Project] [restartedMain] c.z.h.HikariDataSource                   : HikariPool-1 - Starting...
2025-08-27T10:44:59.591+09:00  INFO 9504 --- [MySpringBoot3Project] [restartedMain] c.z.h.p.HikariPool                       : HikariPool-1 - Added connection org.mariadb.jdbc.Connection@7464c3b3
2025-08-27T10:44:59.594+09:00  INFO 9504 --- [MySpringBoot3Project] [restartedMain] c.z.h.HikariDataSource                   : HikariPool-1 - Start completed.
2025-08-27T10:44:59.633+09:00  WARN 9504 --- [MySpringBoot3Project] [restartedMain] o.h.o.deprecation                        : HHH90000025: MariaDBDialect does not need to be specified explicitly using 'hibernate.dialect' (remove the property setting and it will be selected by default)
2025-08-27T10:44:59.665+09:00  INFO 9504 --- [MySpringBoot3Project] [restartedMain] o.h.o.c.pooling                          : HHH10001005: Database info:
	Database JDBC URL [Connecting through datasource 'HikariDataSource (HikariPool-1)']
	Database driver: undefined/unknown
	Database version: 10.11.5
	Autocommit mode: undefined/unknown
	Isolation level: undefined/unknown
	Minimum pool size: undefined/unknown
	Maximum pool size: undefined/unknown
2025-08-27T10:45:00.971+09:00  INFO 9504 --- [MySpringBoot3Project] [restartedMain] o.h.e.t.j.p.i.JtaPlatformInitiator       : HHH000489: No JTA platform available (set 'hibernate.transaction.jta.platform' to enable JTA platform integration)
2025-08-27T10:45:01.099+09:00  INFO 9504 --- [MySpringBoot3Project] [restartedMain] j.LocalContainerEntityManagerFactoryBean : Initialized JPA EntityManagerFactory for persistence unit 'default'
2025-08-27T10:45:01.681+09:00  INFO 9504 --- [MySpringBoot3Project] [restartedMain] o.s.d.j.r.q.QueryEnhancerFactory         : Hibernate is in classpath; If applicable, HQL parser will be used.
2025-08-27T10:45:02.802+09:00  WARN 9504 --- [MySpringBoot3Project] [restartedMain] JpaBaseConfiguration$JpaWebConfiguration : spring.jpa.open-in-view is enabled by default. Therefore, database queries may be performed during view rendering. Explicitly configure spring.jpa.open-in-view to disable this warning
2025-08-27T10:45:02.866+09:00  INFO 9504 --- [MySpringBoot3Project] [restartedMain] o.s.b.a.w.s.WelcomePageHandlerMapping    : Adding welcome page: class path resource [static/index.html]
2025-08-27T10:45:03.899+09:00  INFO 9504 --- [MySpringBoot3Project] [restartedMain] o.s.b.a.h.H2ConsoleAutoConfiguration     : H2 console available at '/h2-console'. Database available at 'jdbc:mariadb://127.0.0.1/boot_db?user=boot&password=***'
2025-08-27T10:45:03.964+09:00  INFO 9504 --- [MySpringBoot3Project] [restartedMain] o.s.b.d.a.OptionalLiveReloadServer       : LiveReload server is running on port 35729
2025-08-27T10:45:03.983+09:00  INFO 9504 --- [MySpringBoot3Project] [restartedMain] o.s.b.a.e.w.EndpointLinksResolver        : Exposing 15 endpoints beneath base path '/actuator'
2025-08-27T10:45:04.136+09:00  INFO 9504 --- [MySpringBoot3Project] [restartedMain] o.s.b.w.e.t.TomcatWebServer              : Tomcat started on port 8080 (http) with context path '/'
2025-08-27T10:45:04.155+09:00  INFO 9504 --- [MySpringBoot3Project] [restartedMain] c.r.m.MySpringBoot3ProjectApplication    : Started MySpringBoot3ProjectApplication in 10.663 seconds (process running for 11.916)
2025-08-27T10:45:04.274+09:00  INFO 9504 --- [MySpringBoot3Project] [restartedMain] c.r.m.r.DatabaseRunner                   : DataSource 구현객체는 com.zaxxer.hikari.HikariDataSource 
2025-08-27T10:45:04.275+09:00  INFO 9504 --- [MySpringBoot3Project] [restartedMain] c.r.m.r.DatabaseRunner                   : DB Product Name = MariaDB
2025-08-27T10:45:04.275+09:00  INFO 9504 --- [MySpringBoot3Project] [restartedMain] c.r.m.r.DatabaseRunner                   : DB URL = jdbc:mariadb://127.0.0.1/boot_db?user=boot&password=***
2025-08-27T10:45:04.275+09:00  INFO 9504 --- [MySpringBoot3Project] [restartedMain] c.r.m.r.DatabaseRunner                   : DB Username = boot
2025-08-27T10:45:04.276+09:00  INFO 9504 --- [MySpringBoot3Project] [restartedMain] c.r.m.r.MyPropsRunner                    : 현재 활성화된 CustomerVO Bean = CustomVO(mode=운영모드, rate=1.5)
2025-08-27T10:45:04.277+09:00  INFO 9504 --- [MySpringBoot3Project] [restartedMain] c.r.m.r.MyPropsRunner                    : MyBootProperties.getName() = Spring PROD
2025-08-27T10:45:04.277+09:00  INFO 9504 --- [MySpringBoot3Project] [restartedMain] c.r.m.r.MyPropsRunner                    : MyBootProperties.getAge() = 56
2025-08-27T10:45:04.277+09:00  INFO 9504 --- [MySpringBoot3Project] [restartedMain] c.r.m.r.MyPropsRunner                    : MyBootProperties.getFullName() = Spring PROD Boot
2025-08-27T10:45:04.278+09:00  INFO 9504 --- [MySpringBoot3Project] [restartedMain] c.r.m.r.MyPropsRunner                    : Properties myboot.name = Spring PROD
2025-08-27T10:45:04.278+09:00  INFO 9504 --- [MySpringBoot3Project] [restartedMain] c.r.m.r.MyPropsRunner                    : Properties myboot.age = 16
2025-08-27T10:45:04.278+09:00  INFO 9504 --- [MySpringBoot3Project] [restartedMain] c.r.m.r.MyPropsRunner                    : Properties myboot.fullName = Spring PROD Boot
2025-08-27T10:45:39.019+09:00  INFO 9504 --- [MySpringBoot3Project] [http-nio-8080-exec-1] o.a.c.c.C.[.[.[/]                        : Initializing Spring DispatcherServlet 'dispatcherServlet'
2025-08-27T10:45:39.021+09:00  INFO 9504 --- [MySpringBoot3Project] [http-nio-8080-exec-1] o.s.w.s.DispatcherServlet                : Initializing Servlet 'dispatcherServlet'
2025-08-27T10:45:39.023+09:00  INFO 9504 --- [MySpringBoot3Project] [http-nio-8080-exec-1] o.s.w.s.DispatcherServlet                : Completed initialization in 2 ms
2025-08-27T10:46:05.147+09:00  INFO 9504 --- [MySpringBoot3Project] [SpringApplicationShutdownHook] o.s.b.w.e.t.GracefulShutdown             : Commencing graceful shutdown. Waiting for active requests to complete
2025-08-27T10:46:05.177+09:00  INFO 9504 --- [MySpringBoot3Project] [tomcat-shutdown] o.s.b.w.e.t.GracefulShutdown             : Graceful shutdown complete
2025-08-27T10:46:05.205+09:00  INFO 9504 --- [MySpringBoot3Project] [SpringApplicationShutdownHook] j.LocalContainerEntityManagerFactoryBean : Closing JPA EntityManagerFactory for persistence unit 'default'
2025-08-27T10:46:05.219+09:00  INFO 9504 --- [MySpringBoot3Project] [SpringApplicationShutdownHook] c.z.h.HikariDataSource                   : HikariPool-1 - Shutdown initiated...
2025-08-27T10:46:05.230+09:00  INFO 9504 --- [MySpringBoot3Project] [SpringApplicationShutdownHook] c.z.h.HikariDataSource                   : HikariPool-1 - Shutdown completed.
2025-08-27T10:46:09.228+09:00  INFO 13316 --- [MySpringBoot3Project] [restartedMain] c.r.m.MySpringBoot3ProjectApplication    : Starting MySpringBoot3ProjectApplication using Java 24.0.2 with PID 13316 (C:\mybackend\SpringBoot\MySpringBoot3Project (1)\MySpringBoot3Project\target\classes started by user in C:\mybackend\SpringBoot\MySpringBoot3Project (1)\MySpringBoot3Project)
2025-08-27T10:46:09.238+09:00  INFO 13316 --- [MySpringBoot3Project] [restartedMain] c.r.m.MySpringBoot3ProjectApplication    : The following 1 profile is active: "prod"
2025-08-27T10:46:09.331+09:00  INFO 13316 --- [MySpringBoot3Project] [restartedMain] .e.DevToolsPropertyDefaultsPostProcessor : Devtools property defaults active! Set 'spring.devtools.add-properties' to 'false' to disable
2025-08-27T10:46:09.332+09:00  INFO 13316 --- [MySpringBoot3Project] [restartedMain] .e.DevToolsPropertyDefaultsPostProcessor : For additional web related logging consider setting the 'logging.level.web' property to 'DEBUG'
2025-08-27T10:46:11.190+09:00  INFO 13316 --- [MySpringBoot3Project] [restartedMain] .s.d.r.c.RepositoryConfigurationDelegate : Bootstrapping Spring Data JPA repositories in DEFAULT mode.
2025-08-27T10:46:11.311+09:00  INFO 13316 --- [MySpringBoot3Project] [restartedMain] .s.d.r.c.RepositoryConfigurationDelegate : Finished Spring Data repository scanning in 100 ms. Found 4 JPA repository interfaces.
2025-08-27T10:46:12.583+09:00  INFO 13316 --- [MySpringBoot3Project] [restartedMain] o.s.b.w.e.t.TomcatWebServer              : Tomcat initialized with port 8080 (http)
2025-08-27T10:46:12.624+09:00  INFO 13316 --- [MySpringBoot3Project] [restartedMain] o.a.c.c.StandardService                  : Starting service [Tomcat]
2025-08-27T10:46:12.628+09:00  INFO 13316 --- [MySpringBoot3Project] [restartedMain] o.a.c.c.StandardEngine                   : Starting Servlet engine: [Apache Tomcat/10.1.43]
2025-08-27T10:46:12.703+09:00  INFO 13316 --- [MySpringBoot3Project] [restartedMain] o.a.c.c.C.[.[.[/]                        : Initializing Spring embedded WebApplicationContext
2025-08-27T10:46:12.705+09:00  INFO 13316 --- [MySpringBoot3Project] [restartedMain] w.s.c.ServletWebServerApplicationContext : Root WebApplicationContext: initialization completed in 3372 ms
2025-08-27T10:46:13.255+09:00  INFO 13316 --- [MySpringBoot3Project] [restartedMain] o.h.j.i.u.LogHelper                      : HHH000204: Processing PersistenceUnitInfo [name: default]
2025-08-27T10:46:13.340+09:00  INFO 13316 --- [MySpringBoot3Project] [restartedMain] o.h.Version                              : HHH000412: Hibernate ORM core version 6.6.22.Final
2025-08-27T10:46:13.404+09:00  INFO 13316 --- [MySpringBoot3Project] [restartedMain] o.h.c.i.RegionFactoryInitiator           : HHH000026: Second-level cache disabled
2025-08-27T10:46:13.843+09:00  INFO 13316 --- [MySpringBoot3Project] [restartedMain] o.s.o.j.p.SpringPersistenceUnitInfo      : No LoadTimeWeaver setup: ignoring JPA class transformer
2025-08-27T10:46:13.888+09:00  INFO 13316 --- [MySpringBoot3Project] [restartedMain] c.z.h.HikariDataSource                   : HikariPool-1 - Starting...
2025-08-27T10:46:13.994+09:00  INFO 13316 --- [MySpringBoot3Project] [restartedMain] c.z.h.p.HikariPool                       : HikariPool-1 - Added connection org.mariadb.jdbc.Connection@6d9aa394
2025-08-27T10:46:13.996+09:00  INFO 13316 --- [MySpringBoot3Project] [restartedMain] c.z.h.HikariDataSource                   : HikariPool-1 - Start completed.
2025-08-27T10:46:14.033+09:00  WARN 13316 --- [MySpringBoot3Project] [restartedMain] o.h.o.deprecation                        : HHH90000025: MariaDBDialect does not need to be specified explicitly using 'hibernate.dialect' (remove the property setting and it will be selected by default)
2025-08-27T10:46:14.062+09:00  INFO 13316 --- [MySpringBoot3Project] [restartedMain] o.h.o.c.pooling                          : HHH10001005: Database info:
	Database JDBC URL [Connecting through datasource 'HikariDataSource (HikariPool-1)']
	Database driver: undefined/unknown
	Database version: 10.11.5
	Autocommit mode: undefined/unknown
	Isolation level: undefined/unknown
	Minimum pool size: undefined/unknown
	Maximum pool size: undefined/unknown
2025-08-27T10:46:15.359+09:00  INFO 13316 --- [MySpringBoot3Project] [restartedMain] o.h.e.t.j.p.i.JtaPlatformInitiator       : HHH000489: No JTA platform available (set 'hibernate.transaction.jta.platform' to enable JTA platform integration)
2025-08-27T10:46:15.490+09:00  INFO 13316 --- [MySpringBoot3Project] [restartedMain] j.LocalContainerEntityManagerFactoryBean : Initialized JPA EntityManagerFactory for persistence unit 'default'
2025-08-27T10:46:16.165+09:00  INFO 13316 --- [MySpringBoot3Project] [restartedMain] o.s.d.j.r.q.QueryEnhancerFactory         : Hibernate is in classpath; If applicable, HQL parser will be used.
2025-08-27T10:46:17.084+09:00  WARN 13316 --- [MySpringBoot3Project] [restartedMain] JpaBaseConfiguration$JpaWebConfiguration : spring.jpa.open-in-view is enabled by default. Therefore, database queries may be performed during view rendering. Explicitly configure spring.jpa.open-in-view to disable this warning
2025-08-27T10:46:17.136+09:00  INFO 13316 --- [MySpringBoot3Project] [restartedMain] o.s.b.a.w.s.WelcomePageHandlerMapping    : Adding welcome page: class path resource [static/index.html]
2025-08-27T10:46:18.057+09:00  INFO 13316 --- [MySpringBoot3Project] [restartedMain] o.s.b.a.h.H2ConsoleAutoConfiguration     : H2 console available at '/h2-console'. Database available at 'jdbc:mariadb://127.0.0.1/boot_db?user=boot&password=***'
2025-08-27T10:46:18.120+09:00  INFO 13316 --- [MySpringBoot3Project] [restartedMain] o.s.b.d.a.OptionalLiveReloadServer       : LiveReload server is running on port 35729
2025-08-27T10:46:18.142+09:00  INFO 13316 --- [MySpringBoot3Project] [restartedMain] o.s.b.a.e.w.EndpointLinksResolver        : Exposing 15 endpoints beneath base path '/actuator'
2025-08-27T10:46:18.261+09:00  INFO 13316 --- [MySpringBoot3Project] [restartedMain] o.s.b.w.e.t.TomcatWebServer              : Tomcat started on port 8080 (http) with context path '/'
2025-08-27T10:46:18.282+09:00  INFO 13316 --- [MySpringBoot3Project] [restartedMain] c.r.m.MySpringBoot3ProjectApplication    : Started MySpringBoot3ProjectApplication in 9.946 seconds (process running for 11.219)
2025-08-27T10:46:18.457+09:00  INFO 13316 --- [MySpringBoot3Project] [restartedMain] c.r.m.r.DatabaseRunner                   : DataSource 구현객체는 com.zaxxer.hikari.HikariDataSource 
2025-08-27T10:46:18.457+09:00  INFO 13316 --- [MySpringBoot3Project] [restartedMain] c.r.m.r.DatabaseRunner                   : DB Product Name = MariaDB
2025-08-27T10:46:18.459+09:00  INFO 13316 --- [MySpringBoot3Project] [restartedMain] c.r.m.r.DatabaseRunner                   : DB URL = jdbc:mariadb://127.0.0.1/boot_db?user=boot&password=***
2025-08-27T10:46:18.459+09:00  INFO 13316 --- [MySpringBoot3Project] [restartedMain] c.r.m.r.DatabaseRunner                   : DB Username = boot
2025-08-27T10:46:18.459+09:00  INFO 13316 --- [MySpringBoot3Project] [restartedMain] c.r.m.r.MyPropsRunner                    : 현재 활성화된 CustomerVO Bean = CustomVO(mode=운영모드, rate=1.5)
2025-08-27T10:46:18.462+09:00  INFO 13316 --- [MySpringBoot3Project] [restartedMain] c.r.m.r.MyPropsRunner                    : MyBootProperties.getName() = Spring PROD
2025-08-27T10:46:18.463+09:00  INFO 13316 --- [MySpringBoot3Project] [restartedMain] c.r.m.r.MyPropsRunner                    : MyBootProperties.getAge() = 27
2025-08-27T10:46:18.463+09:00  INFO 13316 --- [MySpringBoot3Project] [restartedMain] c.r.m.r.MyPropsRunner                    : MyBootProperties.getFullName() = Spring PROD Boot
2025-08-27T10:46:18.463+09:00  INFO 13316 --- [MySpringBoot3Project] [restartedMain] c.r.m.r.MyPropsRunner                    : Properties myboot.name = Spring PROD
2025-08-27T10:46:18.465+09:00  INFO 13316 --- [MySpringBoot3Project] [restartedMain] c.r.m.r.MyPropsRunner                    : Properties myboot.age = 35
2025-08-27T10:46:18.466+09:00  INFO 13316 --- [MySpringBoot3Project] [restartedMain] c.r.m.r.MyPropsRunner                    : Properties myboot.fullName = Spring PROD Boot
2025-08-27T10:46:26.924+09:00  INFO 13316 --- [MySpringBoot3Project] [http-nio-8080-exec-1] o.a.c.c.C.[.[.[/]                        : Initializing Spring DispatcherServlet 'dispatcherServlet'
2025-08-27T10:46:26.925+09:00  INFO 13316 --- [MySpringBoot3Project] [http-nio-8080-exec-1] o.s.w.s.DispatcherServlet                : Initializing Servlet 'dispatcherServlet'
2025-08-27T10:46:26.929+09:00  INFO 13316 --- [MySpringBoot3Project] [http-nio-8080-exec-1] o.s.w.s.DispatcherServlet                : Completed initialization in 2 ms
2025-08-27T10:55:46.970+09:00  INFO 13316 --- [MySpringBoot3Project] [SpringApplicationShutdownHook] o.s.b.w.e.t.GracefulShutdown             : Commencing graceful shutdown. Waiting for active requests to complete
2025-08-27T10:55:47.005+09:00  INFO 13316 --- [MySpringBoot3Project] [tomcat-shutdown] o.s.b.w.e.t.GracefulShutdown             : Graceful shutdown complete
2025-08-27T10:55:47.031+09:00  INFO 13316 --- [MySpringBoot3Project] [SpringApplicationShutdownHook] j.LocalContainerEntityManagerFactoryBean : Closing JPA EntityManagerFactory for persistence unit 'default'
2025-08-27T10:55:47.053+09:00  INFO 13316 --- [MySpringBoot3Project] [SpringApplicationShutdownHook] c.z.h.HikariDataSource                   : HikariPool-1 - Shutdown initiated...
2025-08-27T10:55:47.065+09:00  INFO 13316 --- [MySpringBoot3Project] [SpringApplicationShutdownHook] c.z.h.HikariDataSource                   : HikariPool-1 - Shutdown completed.
2025-08-27T10:55:54.927+09:00  INFO 16844 --- [MySpringBoot3Project] [restartedMain] c.r.m.MySpringBoot3ProjectApplication    : Starting MySpringBoot3ProjectApplication using Java 24.0.2 with PID 16844 (C:\mybackend\SpringBoot\MySpringBoot3Project (1)\MySpringBoot3Project\target\classes started by user in C:\mybackend\SpringBoot\MySpringBoot3Project (1)\MySpringBoot3Project)
2025-08-27T10:55:54.940+09:00  INFO 16844 --- [MySpringBoot3Project] [restartedMain] c.r.m.MySpringBoot3ProjectApplication    : The following 1 profile is active: "prod"
2025-08-27T10:55:55.042+09:00  INFO 16844 --- [MySpringBoot3Project] [restartedMain] .e.DevToolsPropertyDefaultsPostProcessor : Devtools property defaults active! Set 'spring.devtools.add-properties' to 'false' to disable
2025-08-27T10:55:55.043+09:00  INFO 16844 --- [MySpringBoot3Project] [restartedMain] .e.DevToolsPropertyDefaultsPostProcessor : For additional web related logging consider setting the 'logging.level.web' property to 'DEBUG'
2025-08-27T10:55:57.112+09:00  INFO 16844 --- [MySpringBoot3Project] [restartedMain] .s.d.r.c.RepositoryConfigurationDelegate : Bootstrapping Spring Data JPA repositories in DEFAULT mode.
2025-08-27T10:55:57.240+09:00  INFO 16844 --- [MySpringBoot3Project] [restartedMain] .s.d.r.c.RepositoryConfigurationDelegate : Finished Spring Data repository scanning in 110 ms. Found 4 JPA repository interfaces.
2025-08-27T10:55:58.625+09:00  INFO 16844 --- [MySpringBoot3Project] [restartedMain] o.s.b.w.e.t.TomcatWebServer              : Tomcat initialized with port 8080 (http)
2025-08-27T10:55:58.664+09:00  INFO 16844 --- [MySpringBoot3Project] [restartedMain] o.a.c.c.StandardService                  : Starting service [Tomcat]
2025-08-27T10:55:58.666+09:00  INFO 16844 --- [MySpringBoot3Project] [restartedMain] o.a.c.c.StandardEngine                   : Starting Servlet engine: [Apache Tomcat/10.1.43]
2025-08-27T10:55:58.771+09:00  INFO 16844 --- [MySpringBoot3Project] [restartedMain] o.a.c.c.C.[.[.[/]                        : Initializing Spring embedded WebApplicationContext
2025-08-27T10:55:58.773+09:00  INFO 16844 --- [MySpringBoot3Project] [restartedMain] w.s.c.ServletWebServerApplicationContext : Root WebApplicationContext: initialization completed in 3726 ms
2025-08-27T10:55:59.348+09:00  INFO 16844 --- [MySpringBoot3Project] [restartedMain] o.h.j.i.u.LogHelper                      : HHH000204: Processing PersistenceUnitInfo [name: default]
2025-08-27T10:55:59.483+09:00  INFO 16844 --- [MySpringBoot3Project] [restartedMain] o.h.Version                              : HHH000412: Hibernate ORM core version 6.6.22.Final
2025-08-27T10:55:59.546+09:00  INFO 16844 --- [MySpringBoot3Project] [restartedMain] o.h.c.i.RegionFactoryInitiator           : HHH000026: Second-level cache disabled
2025-08-27T10:55:59.991+09:00  INFO 16844 --- [MySpringBoot3Project] [restartedMain] o.s.o.j.p.SpringPersistenceUnitInfo      : No LoadTimeWeaver setup: ignoring JPA class transformer
2025-08-27T10:56:00.067+09:00  INFO 16844 --- [MySpringBoot3Project] [restartedMain] c.z.h.HikariDataSource                   : HikariPool-1 - Starting...
2025-08-27T10:56:00.194+09:00  INFO 16844 --- [MySpringBoot3Project] [restartedMain] c.z.h.p.HikariPool                       : HikariPool-1 - Added connection org.mariadb.jdbc.Connection@48d07e8b
2025-08-27T10:56:00.196+09:00  INFO 16844 --- [MySpringBoot3Project] [restartedMain] c.z.h.HikariDataSource                   : HikariPool-1 - Start completed.
2025-08-27T10:56:00.227+09:00  WARN 16844 --- [MySpringBoot3Project] [restartedMain] o.h.o.deprecation                        : HHH90000025: MariaDBDialect does not need to be specified explicitly using 'hibernate.dialect' (remove the property setting and it will be selected by default)
2025-08-27T10:56:00.259+09:00  INFO 16844 --- [MySpringBoot3Project] [restartedMain] o.h.o.c.pooling                          : HHH10001005: Database info:
	Database JDBC URL [Connecting through datasource 'HikariDataSource (HikariPool-1)']
	Database driver: undefined/unknown
	Database version: 10.11.5
	Autocommit mode: undefined/unknown
	Isolation level: undefined/unknown
	Minimum pool size: undefined/unknown
	Maximum pool size: undefined/unknown
2025-08-27T10:56:01.651+09:00  INFO 16844 --- [MySpringBoot3Project] [restartedMain] o.h.e.t.j.p.i.JtaPlatformInitiator       : HHH000489: No JTA platform available (set 'hibernate.transaction.jta.platform' to enable JTA platform integration)
2025-08-27T10:56:01.774+09:00  INFO 16844 --- [MySpringBoot3Project] [restartedMain] j.LocalContainerEntityManagerFactoryBean : Initialized JPA EntityManagerFactory for persistence unit 'default'
2025-08-27T10:56:02.411+09:00  INFO 16844 --- [MySpringBoot3Project] [restartedMain] o.s.d.j.r.q.QueryEnhancerFactory         : Hibernate is in classpath; If applicable, HQL parser will be used.
2025-08-27T10:56:03.595+09:00  WARN 16844 --- [MySpringBoot3Project] [restartedMain] JpaBaseConfiguration$JpaWebConfiguration : spring.jpa.open-in-view is enabled by default. Therefore, database queries may be performed during view rendering. Explicitly configure spring.jpa.open-in-view to disable this warning
2025-08-27T10:56:03.661+09:00  INFO 16844 --- [MySpringBoot3Project] [restartedMain] o.s.b.a.w.s.WelcomePageHandlerMapping    : Adding welcome page: class path resource [static/index.html]
2025-08-27T10:56:04.670+09:00  INFO 16844 --- [MySpringBoot3Project] [restartedMain] o.s.b.a.h.H2ConsoleAutoConfiguration     : H2 console available at '/h2-console'. Database available at 'jdbc:mariadb://127.0.0.1/boot_db?user=boot&password=***'
2025-08-27T10:56:04.747+09:00  INFO 16844 --- [MySpringBoot3Project] [restartedMain] o.s.b.d.a.OptionalLiveReloadServer       : LiveReload server is running on port 35729
2025-08-27T10:56:04.765+09:00  INFO 16844 --- [MySpringBoot3Project] [restartedMain] o.s.b.a.e.w.EndpointLinksResolver        : Exposing 15 endpoints beneath base path '/actuator'
2025-08-27T10:56:04.899+09:00  INFO 16844 --- [MySpringBoot3Project] [restartedMain] o.s.b.w.e.t.TomcatWebServer              : Tomcat started on port 8080 (http) with context path '/'
2025-08-27T10:56:04.920+09:00  INFO 16844 --- [MySpringBoot3Project] [restartedMain] c.r.m.MySpringBoot3ProjectApplication    : Started MySpringBoot3ProjectApplication in 10.881 seconds (process running for 12.225)
2025-08-27T10:56:05.045+09:00  INFO 16844 --- [MySpringBoot3Project] [restartedMain] c.r.m.r.DatabaseRunner                   : DataSource 구현객체는 com.zaxxer.hikari.HikariDataSource 
2025-08-27T10:56:05.046+09:00  INFO 16844 --- [MySpringBoot3Project] [restartedMain] c.r.m.r.DatabaseRunner                   : DB Product Name = MariaDB
2025-08-27T10:56:05.048+09:00  INFO 16844 --- [MySpringBoot3Project] [restartedMain] c.r.m.r.DatabaseRunner                   : DB URL = jdbc:mariadb://127.0.0.1/boot_db?user=boot&password=***
2025-08-27T10:56:05.048+09:00  INFO 16844 --- [MySpringBoot3Project] [restartedMain] c.r.m.r.DatabaseRunner                   : DB Username = boot
2025-08-27T10:56:05.048+09:00  INFO 16844 --- [MySpringBoot3Project] [restartedMain] c.r.m.r.MyPropsRunner                    : 현재 활성화된 CustomerVO Bean = CustomVO(mode=운영모드, rate=1.5)
2025-08-27T10:56:05.050+09:00  INFO 16844 --- [MySpringBoot3Project] [restartedMain] c.r.m.r.MyPropsRunner                    : MyBootProperties.getName() = Spring PROD
2025-08-27T10:56:05.050+09:00  INFO 16844 --- [MySpringBoot3Project] [restartedMain] c.r.m.r.MyPropsRunner                    : MyBootProperties.getAge() = 86
2025-08-27T10:56:05.050+09:00  INFO 16844 --- [MySpringBoot3Project] [restartedMain] c.r.m.r.MyPropsRunner                    : MyBootProperties.getFullName() = Spring PROD Boot
2025-08-27T10:56:05.051+09:00  INFO 16844 --- [MySpringBoot3Project] [restartedMain] c.r.m.r.MyPropsRunner                    : Properties myboot.name = Spring PROD
2025-08-27T10:56:05.051+09:00  INFO 16844 --- [MySpringBoot3Project] [restartedMain] c.r.m.r.MyPropsRunner                    : Properties myboot.age = 84
2025-08-27T10:56:05.051+09:00  INFO 16844 --- [MySpringBoot3Project] [restartedMain] c.r.m.r.MyPropsRunner                    : Properties myboot.fullName = Spring PROD Boot
2025-08-27T10:56:11.553+09:00  INFO 16844 --- [MySpringBoot3Project] [http-nio-8080-exec-2] o.a.c.c.C.[.[.[/]                        : Initializing Spring DispatcherServlet 'dispatcherServlet'
2025-08-27T10:56:11.554+09:00  INFO 16844 --- [MySpringBoot3Project] [http-nio-8080-exec-2] o.s.w.s.DispatcherServlet                : Initializing Servlet 'dispatcherServlet'
2025-08-27T10:56:11.556+09:00  INFO 16844 --- [MySpringBoot3Project] [http-nio-8080-exec-2] o.s.w.s.DispatcherServlet                : Completed initialization in 2 ms
2025-08-27T12:33:01.968+09:00  INFO 16844 --- [MySpringBoot3Project] [SpringApplicationShutdownHook] o.s.b.w.e.t.GracefulShutdown             : Commencing graceful shutdown. Waiting for active requests to complete
2025-08-27T12:33:01.995+09:00  INFO 16844 --- [MySpringBoot3Project] [tomcat-shutdown] o.s.b.w.e.t.GracefulShutdown             : Graceful shutdown complete
2025-08-27T12:33:02.019+09:00  INFO 16844 --- [MySpringBoot3Project] [SpringApplicationShutdownHook] j.LocalContainerEntityManagerFactoryBean : Closing JPA EntityManagerFactory for persistence unit 'default'
2025-08-27T12:33:02.032+09:00  INFO 16844 --- [MySpringBoot3Project] [SpringApplicationShutdownHook] c.z.h.HikariDataSource                   : HikariPool-1 - Shutdown initiated...
2025-08-27T12:33:02.041+09:00  INFO 16844 --- [MySpringBoot3Project] [SpringApplicationShutdownHook] c.z.h.HikariDataSource                   : HikariPool-1 - Shutdown completed.
2025-08-27T13:05:43.914+09:00  INFO 16424 --- [MySpringBoot3Project] [restartedMain] c.r.m.MySpringBoot3ProjectApplication    : Starting MySpringBoot3ProjectApplication using Java 24.0.2 with PID 16424 (C:\mybackend\SpringBoot\MySpringBoot3Project (1)\MySpringBoot3Project\target\classes started by user in C:\mybackend\SpringBoot\MySpringBoot3Project (1)\MySpringBoot3Project)
2025-08-27T13:05:43.920+09:00  INFO 16424 --- [MySpringBoot3Project] [restartedMain] c.r.m.MySpringBoot3ProjectApplication    : The following 1 profile is active: "prod"
2025-08-27T13:05:43.963+09:00  INFO 16424 --- [MySpringBoot3Project] [restartedMain] .e.DevToolsPropertyDefaultsPostProcessor : Devtools property defaults active! Set 'spring.devtools.add-properties' to 'false' to disable
2025-08-27T13:05:43.965+09:00  INFO 16424 --- [MySpringBoot3Project] [restartedMain] .e.DevToolsPropertyDefaultsPostProcessor : For additional web related logging consider setting the 'logging.level.web' property to 'DEBUG'
2025-08-27T13:05:45.039+09:00  INFO 16424 --- [MySpringBoot3Project] [restartedMain] .s.d.r.c.RepositoryConfigurationDelegate : Bootstrapping Spring Data JPA repositories in DEFAULT mode.
2025-08-27T13:05:45.112+09:00  INFO 16424 --- [MySpringBoot3Project] [restartedMain] .s.d.r.c.RepositoryConfigurationDelegate : Finished Spring Data repository scanning in 61 ms. Found 4 JPA repository interfaces.
2025-08-27T13:05:45.800+09:00  INFO 16424 --- [MySpringBoot3Project] [restartedMain] o.s.b.w.e.t.TomcatWebServer              : Tomcat initialized with port 8080 (http)
2025-08-27T13:05:45.827+09:00  INFO 16424 --- [MySpringBoot3Project] [restartedMain] o.a.c.c.StandardService                  : Starting service [Tomcat]
2025-08-27T13:05:45.828+09:00  INFO 16424 --- [MySpringBoot3Project] [restartedMain] o.a.c.c.StandardEngine                   : Starting Servlet engine: [Apache Tomcat/10.1.43]
2025-08-27T13:05:45.880+09:00  INFO 16424 --- [MySpringBoot3Project] [restartedMain] o.a.c.c.C.[.[.[/]                        : Initializing Spring embedded WebApplicationContext
2025-08-27T13:05:45.882+09:00  INFO 16424 --- [MySpringBoot3Project] [restartedMain] w.s.c.ServletWebServerApplicationContext : Root WebApplicationContext: initialization completed in 1914 ms
2025-08-27T13:05:46.208+09:00  INFO 16424 --- [MySpringBoot3Project] [restartedMain] o.h.j.i.u.LogHelper                      : HHH000204: Processing PersistenceUnitInfo [name: default]
2025-08-27T13:05:46.276+09:00  INFO 16424 --- [MySpringBoot3Project] [restartedMain] o.h.Version                              : HHH000412: Hibernate ORM core version 6.6.22.Final
2025-08-27T13:05:46.317+09:00  INFO 16424 --- [MySpringBoot3Project] [restartedMain] o.h.c.i.RegionFactoryInitiator           : HHH000026: Second-level cache disabled
2025-08-27T13:05:46.552+09:00  INFO 16424 --- [MySpringBoot3Project] [restartedMain] o.s.o.j.p.SpringPersistenceUnitInfo      : No LoadTimeWeaver setup: ignoring JPA class transformer
2025-08-27T13:05:46.584+09:00  INFO 16424 --- [MySpringBoot3Project] [restartedMain] c.z.h.HikariDataSource                   : HikariPool-1 - Starting...
2025-08-27T13:05:46.645+09:00  INFO 16424 --- [MySpringBoot3Project] [restartedMain] c.z.h.p.HikariPool                       : HikariPool-1 - Added connection org.mariadb.jdbc.Connection@7f47608b
2025-08-27T13:05:46.647+09:00  INFO 16424 --- [MySpringBoot3Project] [restartedMain] c.z.h.HikariDataSource                   : HikariPool-1 - Start completed.
2025-08-27T13:05:46.663+09:00  WARN 16424 --- [MySpringBoot3Project] [restartedMain] o.h.o.deprecation                        : HHH90000025: MariaDBDialect does not need to be specified explicitly using 'hibernate.dialect' (remove the property setting and it will be selected by default)
2025-08-27T13:05:46.678+09:00  INFO 16424 --- [MySpringBoot3Project] [restartedMain] o.h.o.c.pooling                          : HHH10001005: Database info:
	Database JDBC URL [Connecting through datasource 'HikariDataSource (HikariPool-1)']
	Database driver: undefined/unknown
	Database version: 10.11.5
	Autocommit mode: undefined/unknown
	Isolation level: undefined/unknown
	Minimum pool size: undefined/unknown
	Maximum pool size: undefined/unknown
2025-08-27T13:05:47.325+09:00  INFO 16424 --- [MySpringBoot3Project] [restartedMain] o.h.e.t.j.p.i.JtaPlatformInitiator       : HHH000489: No JTA platform available (set 'hibernate.transaction.jta.platform' to enable JTA platform integration)
2025-08-27T13:05:47.400+09:00  INFO 16424 --- [MySpringBoot3Project] [restartedMain] j.LocalContainerEntityManagerFactoryBean : Initialized JPA EntityManagerFactory for persistence unit 'default'
2025-08-27T13:05:47.748+09:00  INFO 16424 --- [MySpringBoot3Project] [restartedMain] o.s.d.j.r.q.QueryEnhancerFactory         : Hibernate is in classpath; If applicable, HQL parser will be used.
2025-08-27T13:05:48.250+09:00  WARN 16424 --- [MySpringBoot3Project] [restartedMain] JpaBaseConfiguration$JpaWebConfiguration : spring.jpa.open-in-view is enabled by default. Therefore, database queries may be performed during view rendering. Explicitly configure spring.jpa.open-in-view to disable this warning
2025-08-27T13:05:48.272+09:00  INFO 16424 --- [MySpringBoot3Project] [restartedMain] o.s.b.a.w.s.WelcomePageHandlerMapping    : Adding welcome page: class path resource [static/index.html]
2025-08-27T13:05:48.800+09:00  INFO 16424 --- [MySpringBoot3Project] [restartedMain] o.s.b.a.h.H2ConsoleAutoConfiguration     : H2 console available at '/h2-console'. Database available at 'jdbc:mariadb://127.0.0.1/boot_db?user=boot&password=***'
2025-08-27T13:05:48.824+09:00  INFO 16424 --- [MySpringBoot3Project] [restartedMain] o.s.b.d.a.OptionalLiveReloadServer       : LiveReload server is running on port 35729
2025-08-27T13:05:48.833+09:00  INFO 16424 --- [MySpringBoot3Project] [restartedMain] o.s.b.a.e.w.EndpointLinksResolver        : Exposing 15 endpoints beneath base path '/actuator'
2025-08-27T13:05:48.916+09:00  INFO 16424 --- [MySpringBoot3Project] [restartedMain] o.s.b.w.e.t.TomcatWebServer              : Tomcat started on port 8080 (http) with context path '/'
2025-08-27T13:05:48.936+09:00  INFO 16424 --- [MySpringBoot3Project] [restartedMain] c.r.m.MySpringBoot3ProjectApplication    : Started MySpringBoot3ProjectApplication in 5.452 seconds (process running for 6.725)
2025-08-27T13:05:48.997+09:00  INFO 16424 --- [MySpringBoot3Project] [restartedMain] c.r.m.r.DatabaseRunner                   : DataSource 구현객체는 com.zaxxer.hikari.HikariDataSource 
2025-08-27T13:05:48.999+09:00  INFO 16424 --- [MySpringBoot3Project] [restartedMain] c.r.m.r.DatabaseRunner                   : DB Product Name = MariaDB
2025-08-27T13:05:48.999+09:00  INFO 16424 --- [MySpringBoot3Project] [restartedMain] c.r.m.r.DatabaseRunner                   : DB URL = jdbc:mariadb://127.0.0.1/boot_db?user=boot&password=***
2025-08-27T13:05:48.999+09:00  INFO 16424 --- [MySpringBoot3Project] [restartedMain] c.r.m.r.DatabaseRunner                   : DB Username = boot
2025-08-27T13:05:48.999+09:00  INFO 16424 --- [MySpringBoot3Project] [restartedMain] c.r.m.r.MyPropsRunner                    : 현재 활성화된 CustomerVO Bean = CustomVO(mode=운영모드, rate=1.5)
2025-08-27T13:05:49.001+09:00  INFO 16424 --- [MySpringBoot3Project] [restartedMain] c.r.m.r.MyPropsRunner                    : MyBootProperties.getName() = Spring PROD
2025-08-27T13:05:49.001+09:00  INFO 16424 --- [MySpringBoot3Project] [restartedMain] c.r.m.r.MyPropsRunner                    : MyBootProperties.getAge() = 5
2025-08-27T13:05:49.001+09:00  INFO 16424 --- [MySpringBoot3Project] [restartedMain] c.r.m.r.MyPropsRunner                    : MyBootProperties.getFullName() = Spring PROD Boot
2025-08-27T13:05:49.001+09:00  INFO 16424 --- [MySpringBoot3Project] [restartedMain] c.r.m.r.MyPropsRunner                    : Properties myboot.name = Spring PROD
2025-08-27T13:05:49.001+09:00  INFO 16424 --- [MySpringBoot3Project] [restartedMain] c.r.m.r.MyPropsRunner                    : Properties myboot.age = 50
2025-08-27T13:05:49.002+09:00  INFO 16424 --- [MySpringBoot3Project] [restartedMain] c.r.m.r.MyPropsRunner                    : Properties myboot.fullName = Spring PROD Boot
2025-08-27T13:08:32.304+09:00  INFO 16424 --- [MySpringBoot3Project] [http-nio-8080-exec-1] o.a.c.c.C.[.[.[/]                        : Initializing Spring DispatcherServlet 'dispatcherServlet'
2025-08-27T13:08:32.306+09:00  INFO 16424 --- [MySpringBoot3Project] [http-nio-8080-exec-1] o.s.w.s.DispatcherServlet                : Initializing Servlet 'dispatcherServlet'
2025-08-27T13:08:32.307+09:00  INFO 16424 --- [MySpringBoot3Project] [http-nio-8080-exec-1] o.s.w.s.DispatcherServlet                : Completed initialization in 1 ms
2025-08-27T13:42:40.947+09:00 ERROR 16424 --- [MySpringBoot3Project] [http-nio-8080-exec-1] c.r.m.e.a.DefaultExceptionAdvice         : Student already exists with student number: S12345

com.rookies4.myspringboot.exception.BusinessException: Student already exists with student number: S12345
	at com.rookies4.myspringboot.service.StudentService.createStudent(StudentService.java:51) ~[classes/:?]
	at java.base/jdk.internal.reflect.DirectMethodHandleAccessor.invoke(DirectMethodHandleAccessor.java:104) ~[?:?]
	at java.base/java.lang.reflect.Method.invoke(Method.java:565) ~[?:?]
	at org.springframework.aop.support.AopUtils.invokeJoinpointUsingReflection(AopUtils.java:359) ~[spring-aop-6.2.8.jar:6.2.8]
	at org.springframework.aop.framework.ReflectiveMethodInvocation.invokeJoinpoint(ReflectiveMethodInvocation.java:196) ~[spring-aop-6.2.8.jar:6.2.8]
	at org.springframework.aop.framework.ReflectiveMethodInvocation.proceed(ReflectiveMethodInvocation.java:163) ~[spring-aop-6.2.8.jar:6.2.8]
	at org.springframework.transaction.interceptor.TransactionAspectSupport.invokeWithinTransaction(TransactionAspectSupport.java:380) ~[spring-tx-6.2.8.jar:6.2.8]
	at org.springframework.transaction.interceptor.TransactionInterceptor.invoke(TransactionInterceptor.java:119) ~[spring-tx-6.2.8.jar:6.2.8]
	at org.springframework.aop.framework.ReflectiveMethodInvocation.proceed(ReflectiveMethodInvocation.java:184) ~[spring-aop-6.2.8.jar:6.2.8]
	at org.springframework.aop.framework.CglibAopProxy$DynamicAdvisedInterceptor.intercept(CglibAopProxy.java:728) ~[spring-aop-6.2.8.jar:6.2.8]
	at com.rookies4.myspringboot.service.StudentService$$SpringCGLIB$$0.createStudent(<generated>) ~[classes/:?]
	at com.rookies4.myspringboot.controller.StudentController.createStudent(StudentController.java:42) ~[classes/:?]
	at java.base/jdk.internal.reflect.DirectMethodHandleAccessor.invoke(DirectMethodHandleAccessor.java:104) ~[?:?]
	at java.base/java.lang.reflect.Method.invoke(Method.java:565) ~[?:?]
	at org.springframework.web.method.support.InvocableHandlerMethod.doInvoke(InvocableHandlerMethod.java:258) ~[spring-web-6.2.8.jar:6.2.8]
	at org.springframework.web.method.support.InvocableHandlerMethod.invokeForRequest(InvocableHandlerMethod.java:191) ~[spring-web-6.2.8.jar:6.2.8]
	at org.springframework.web.servlet.mvc.method.annotation.ServletInvocableHandlerMethod.invokeAndHandle(ServletInvocableHandlerMethod.java:118) ~[spring-webmvc-6.2.8.jar:6.2.8]
	at org.springframework.web.servlet.mvc.method.annotation.RequestMappingHandlerAdapter.invokeHandlerMethod(RequestMappingHandlerAdapter.java:986) ~[spring-webmvc-6.2.8.jar:6.2.8]
	at org.springframework.web.servlet.mvc.method.annotation.RequestMappingHandlerAdapter.handleInternal(RequestMappingHandlerAdapter.java:891) ~[spring-webmvc-6.2.8.jar:6.2.8]
	at org.springframework.web.servlet.mvc.method.AbstractHandlerMethodAdapter.handle(AbstractHandlerMethodAdapter.java:87) ~[spring-webmvc-6.2.8.jar:6.2.8]
	at org.springframework.web.servlet.DispatcherServlet.doDispatch(DispatcherServlet.java:1089) [spring-webmvc-6.2.8.jar:6.2.8]
	at org.springframework.web.servlet.DispatcherServlet.doService(DispatcherServlet.java:979) [spring-webmvc-6.2.8.jar:6.2.8]
	at org.springframework.web.servlet.FrameworkServlet.processRequest(FrameworkServlet.java:1014) [spring-webmvc-6.2.8.jar:6.2.8]
	at org.springframework.web.servlet.FrameworkServlet.doPost(FrameworkServlet.java:914) [spring-webmvc-6.2.8.jar:6.2.8]
	at jakarta.servlet.http.HttpServlet.service(HttpServlet.java:590) [tomcat-embed-core-10.1.43.jar:6.0]
	at org.springframework.web.servlet.FrameworkServlet.service(FrameworkServlet.java:885) [spring-webmvc-6.2.8.jar:6.2.8]
	at jakarta.servlet.http.HttpServlet.service(HttpServlet.java:658) [tomcat-embed-core-10.1.43.jar:6.0]
	at org.apache.catalina.core.ApplicationFilterChain.internalDoFilter(ApplicationFilterChain.java:195) [tomcat-embed-core-10.1.43.jar:10.1.43]
	at org.apache.catalina.core.ApplicationFilterChain.doFilter(ApplicationFilterChain.java:140) [tomcat-embed-core-10.1.43.jar:10.1.43]
	at org.apache.tomcat.websocket.server.WsFilter.doFilter(WsFilter.java:51) [tomcat-embed-websocket-10.1.43.jar:10.1.43]
	at org.apache.catalina.core.ApplicationFilterChain.internalDoFilter(ApplicationFilterChain.java:164) [tomcat-embed-core-10.1.43.jar:10.1.43]
	at org.apache.catalina.core.ApplicationFilterChain.doFilter(ApplicationFilterChain.java:140) [tomcat-embed-core-10.1.43.jar:10.1.43]
	at org.springframework.web.filter.CorsFilter.doFilterInternal(CorsFilter.java:91) [spring-web-6.2.8.jar:6.2.8]
	at org.springframework.web.filter.OncePerRequestFilter.doFilter(OncePerRequestFilter.java:116) [spring-web-6.2.8.jar:6.2.8]
	at org.apache.catalina.core.ApplicationFilterChain.internalDoFilter(ApplicationFilterChain.java:164) [tomcat-embed-core-10.1.43.jar:10.1.43]
	at org.apache.catalina.core.ApplicationFilterChain.doFilter(ApplicationFilterChain.java:140) [tomcat-embed-core-10.1.43.jar:10.1.43]
	at org.springframework.web.filter.RequestContextFilter.doFilterInternal(RequestContextFilter.java:100) [spring-web-6.2.8.jar:6.2.8]
	at org.springframework.web.filter.OncePerRequestFilter.doFilter(OncePerRequestFilter.java:116) [spring-web-6.2.8.jar:6.2.8]
	at org.apache.catalina.core.ApplicationFilterChain.internalDoFilter(ApplicationFilterChain.java:164) [tomcat-embed-core-10.1.43.jar:10.1.43]
	at org.apache.catalina.core.ApplicationFilterChain.doFilter(ApplicationFilterChain.java:140) [tomcat-embed-core-10.1.43.jar:10.1.43]
	at org.springframework.web.filter.FormContentFilter.doFilterInternal(FormContentFilter.java:93) [spring-web-6.2.8.jar:6.2.8]
	at org.springframework.web.filter.OncePerRequestFilter.doFilter(OncePerRequestFilter.java:116) [spring-web-6.2.8.jar:6.2.8]
	at org.apache.catalina.core.ApplicationFilterChain.internalDoFilter(ApplicationFilterChain.java:164) [tomcat-embed-core-10.1.43.jar:10.1.43]
	at org.apache.catalina.core.ApplicationFilterChain.doFilter(ApplicationFilterChain.java:140) [tomcat-embed-core-10.1.43.jar:10.1.43]
	at org.springframework.web.filter.ServerHttpObservationFilter.doFilterInternal(ServerHttpObservationFilter.java:114) [spring-web-6.2.8.jar:6.2.8]
	at org.springframework.web.filter.OncePerRequestFilter.doFilter(OncePerRequestFilter.java:116) [spring-web-6.2.8.jar:6.2.8]
	at org.apache.catalina.core.ApplicationFilterChain.internalDoFilter(ApplicationFilterChain.java:164) [tomcat-embed-core-10.1.43.jar:10.1.43]
	at org.apache.catalina.core.ApplicationFilterChain.doFilter(ApplicationFilterChain.java:140) [tomcat-embed-core-10.1.43.jar:10.1.43]
	at org.springframework.web.filter.CharacterEncodingFilter.doFilterInternal(CharacterEncodingFilter.java:201) [spring-web-6.2.8.jar:6.2.8]
	at org.springframework.web.filter.OncePerRequestFilter.doFilter(OncePerRequestFilter.java:116) [spring-web-6.2.8.jar:6.2.8]
	at org.apache.catalina.core.ApplicationFilterChain.internalDoFilter(ApplicationFilterChain.java:164) [tomcat-embed-core-10.1.43.jar:10.1.43]
	at org.apache.catalina.core.ApplicationFilterChain.doFilter(ApplicationFilterChain.java:140) [tomcat-embed-core-10.1.43.jar:10.1.43]
	at org.apache.catalina.core.StandardWrapperValve.invoke(StandardWrapperValve.java:167) [tomcat-embed-core-10.1.43.jar:10.1.43]
	at org.apache.catalina.core.StandardContextValve.invoke(StandardContextValve.java:90) [tomcat-embed-core-10.1.43.jar:10.1.43]
	at org.apache.catalina.authenticator.AuthenticatorBase.invoke(AuthenticatorBase.java:483) [tomcat-embed-core-10.1.43.jar:10.1.43]
	at org.apache.catalina.core.StandardHostValve.invoke(StandardHostValve.java:116) [tomcat-embed-core-10.1.43.jar:10.1.43]
	at org.apache.catalina.valves.ErrorReportValve.invoke(ErrorReportValve.java:93) [tomcat-embed-core-10.1.43.jar:10.1.43]
	at org.apache.catalina.core.StandardEngineValve.invoke(StandardEngineValve.java:74) [tomcat-embed-core-10.1.43.jar:10.1.43]
	at org.apache.catalina.connector.CoyoteAdapter.service(CoyoteAdapter.java:344) [tomcat-embed-core-10.1.43.jar:10.1.43]
	at org.apache.coyote.http11.Http11Processor.service(Http11Processor.java:398) [tomcat-embed-core-10.1.43.jar:10.1.43]
	at org.apache.coyote.AbstractProcessorLight.process(AbstractProcessorLight.java:63) [tomcat-embed-core-10.1.43.jar:10.1.43]
	at org.apache.coyote.AbstractProtocol$ConnectionHandler.process(AbstractProtocol.java:903) [tomcat-embed-core-10.1.43.jar:10.1.43]
	at org.apache.tomcat.util.net.NioEndpoint$SocketProcessor.doRun(NioEndpoint.java:1769) [tomcat-embed-core-10.1.43.jar:10.1.43]
	at org.apache.tomcat.util.net.SocketProcessorBase.run(SocketProcessorBase.java:52) [tomcat-embed-core-10.1.43.jar:10.1.43]
	at org.apache.tomcat.util.threads.ThreadPoolExecutor.runWorker(ThreadPoolExecutor.java:1189) [tomcat-embed-core-10.1.43.jar:10.1.43]
	at org.apache.tomcat.util.threads.ThreadPoolExecutor$Worker.run(ThreadPoolExecutor.java:658) [tomcat-embed-core-10.1.43.jar:10.1.43]
	at org.apache.tomcat.util.threads.TaskThread$WrappingRunnable.run(TaskThread.java:63) [tomcat-embed-core-10.1.43.jar:10.1.43]
	at java.base/java.lang.Thread.run(Thread.java:1447) [?:?]

2025-08-27T13:42:40.965+09:00  WARN 16424 --- [MySpringBoot3Project] [http-nio-8080-exec-1] .m.m.a.ExceptionHandlerExceptionResolver : Resolved [com.rookies4.myspringboot.exception.BusinessException: Student already exists with student number: S12345]
2025-08-27T14:02:26.963+09:00 ERROR 16424 --- [MySpringBoot3Project] [http-nio-8080-exec-7] c.r.m.e.a.DefaultExceptionAdvice         : Student already exists with student number: S67890

com.rookies4.myspringboot.exception.BusinessException: Student already exists with student number: S67890
	at com.rookies4.myspringboot.service.StudentService.updateStudent(StudentService.java:102) ~[classes/:?]
	at java.base/jdk.internal.reflect.DirectMethodHandleAccessor.invoke(DirectMethodHandleAccessor.java:104) ~[?:?]
	at java.base/java.lang.reflect.Method.invoke(Method.java:565) ~[?:?]
	at org.springframework.aop.support.AopUtils.invokeJoinpointUsingReflection(AopUtils.java:359) ~[spring-aop-6.2.8.jar:6.2.8]
	at org.springframework.aop.framework.ReflectiveMethodInvocation.invokeJoinpoint(ReflectiveMethodInvocation.java:196) ~[spring-aop-6.2.8.jar:6.2.8]
	at org.springframework.aop.framework.ReflectiveMethodInvocation.proceed(ReflectiveMethodInvocation.java:163) ~[spring-aop-6.2.8.jar:6.2.8]
	at org.springframework.transaction.interceptor.TransactionAspectSupport.invokeWithinTransaction(TransactionAspectSupport.java:380) ~[spring-tx-6.2.8.jar:6.2.8]
	at org.springframework.transaction.interceptor.TransactionInterceptor.invoke(TransactionInterceptor.java:119) ~[spring-tx-6.2.8.jar:6.2.8]
	at org.springframework.aop.framework.ReflectiveMethodInvocation.proceed(ReflectiveMethodInvocation.java:184) ~[spring-aop-6.2.8.jar:6.2.8]
	at org.springframework.aop.framework.CglibAopProxy$DynamicAdvisedInterceptor.intercept(CglibAopProxy.java:728) ~[spring-aop-6.2.8.jar:6.2.8]
	at com.rookies4.myspringboot.service.StudentService$$SpringCGLIB$$0.updateStudent(<generated>) ~[classes/:?]
	at com.rookies4.myspringboot.controller.StudentController.updateStudent(StudentController.java:50) ~[classes/:?]
	at java.base/jdk.internal.reflect.DirectMethodHandleAccessor.invoke(DirectMethodHandleAccessor.java:104) ~[?:?]
	at java.base/java.lang.reflect.Method.invoke(Method.java:565) ~[?:?]
	at org.springframework.web.method.support.InvocableHandlerMethod.doInvoke(InvocableHandlerMethod.java:258) ~[spring-web-6.2.8.jar:6.2.8]
	at org.springframework.web.method.support.InvocableHandlerMethod.invokeForRequest(InvocableHandlerMethod.java:191) ~[spring-web-6.2.8.jar:6.2.8]
	at org.springframework.web.servlet.mvc.method.annotation.ServletInvocableHandlerMethod.invokeAndHandle(ServletInvocableHandlerMethod.java:118) ~[spring-webmvc-6.2.8.jar:6.2.8]
	at org.springframework.web.servlet.mvc.method.annotation.RequestMappingHandlerAdapter.invokeHandlerMethod(RequestMappingHandlerAdapter.java:986) ~[spring-webmvc-6.2.8.jar:6.2.8]
	at org.springframework.web.servlet.mvc.method.annotation.RequestMappingHandlerAdapter.handleInternal(RequestMappingHandlerAdapter.java:891) ~[spring-webmvc-6.2.8.jar:6.2.8]
	at org.springframework.web.servlet.mvc.method.AbstractHandlerMethodAdapter.handle(AbstractHandlerMethodAdapter.java:87) ~[spring-webmvc-6.2.8.jar:6.2.8]
	at org.springframework.web.servlet.DispatcherServlet.doDispatch(DispatcherServlet.java:1089) [spring-webmvc-6.2.8.jar:6.2.8]
	at org.springframework.web.servlet.DispatcherServlet.doService(DispatcherServlet.java:979) [spring-webmvc-6.2.8.jar:6.2.8]
	at org.springframework.web.servlet.FrameworkServlet.processRequest(FrameworkServlet.java:1014) [spring-webmvc-6.2.8.jar:6.2.8]
	at org.springframework.web.servlet.FrameworkServlet.doPut(FrameworkServlet.java:925) [spring-webmvc-6.2.8.jar:6.2.8]
	at jakarta.servlet.http.HttpServlet.service(HttpServlet.java:593) [tomcat-embed-core-10.1.43.jar:6.0]
	at org.springframework.web.servlet.FrameworkServlet.service(FrameworkServlet.java:885) [spring-webmvc-6.2.8.jar:6.2.8]
	at jakarta.servlet.http.HttpServlet.service(HttpServlet.java:658) [tomcat-embed-core-10.1.43.jar:6.0]
	at org.apache.catalina.core.ApplicationFilterChain.internalDoFilter(ApplicationFilterChain.java:195) [tomcat-embed-core-10.1.43.jar:10.1.43]
	at org.apache.catalina.core.ApplicationFilterChain.doFilter(ApplicationFilterChain.java:140) [tomcat-embed-core-10.1.43.jar:10.1.43]
	at org.apache.tomcat.websocket.server.WsFilter.doFilter(WsFilter.java:51) [tomcat-embed-websocket-10.1.43.jar:10.1.43]
	at org.apache.catalina.core.ApplicationFilterChain.internalDoFilter(ApplicationFilterChain.java:164) [tomcat-embed-core-10.1.43.jar:10.1.43]
	at org.apache.catalina.core.ApplicationFilterChain.doFilter(ApplicationFilterChain.java:140) [tomcat-embed-core-10.1.43.jar:10.1.43]
	at org.springframework.web.filter.CorsFilter.doFilterInternal(CorsFilter.java:91) [spring-web-6.2.8.jar:6.2.8]
	at org.springframework.web.filter.OncePerRequestFilter.doFilter(OncePerRequestFilter.java:116) [spring-web-6.2.8.jar:6.2.8]
	at org.apache.catalina.core.ApplicationFilterChain.internalDoFilter(ApplicationFilterChain.java:164) [tomcat-embed-core-10.1.43.jar:10.1.43]
	at org.apache.catalina.core.ApplicationFilterChain.doFilter(ApplicationFilterChain.java:140) [tomcat-embed-core-10.1.43.jar:10.1.43]
	at org.springframework.web.filter.RequestContextFilter.doFilterInternal(RequestContextFilter.java:100) [spring-web-6.2.8.jar:6.2.8]
	at org.springframework.web.filter.OncePerRequestFilter.doFilter(OncePerRequestFilter.java:116) [spring-web-6.2.8.jar:6.2.8]
	at org.apache.catalina.core.ApplicationFilterChain.internalDoFilter(ApplicationFilterChain.java:164) [tomcat-embed-core-10.1.43.jar:10.1.43]
	at org.apache.catalina.core.ApplicationFilterChain.doFilter(ApplicationFilterChain.java:140) [tomcat-embed-core-10.1.43.jar:10.1.43]
	at org.springframework.web.filter.FormContentFilter.doFilterInternal(FormContentFilter.java:93) [spring-web-6.2.8.jar:6.2.8]
	at org.springframework.web.filter.OncePerRequestFilter.doFilter(OncePerRequestFilter.java:116) [spring-web-6.2.8.jar:6.2.8]
	at org.apache.catalina.core.ApplicationFilterChain.internalDoFilter(ApplicationFilterChain.java:164) [tomcat-embed-core-10.1.43.jar:10.1.43]
	at org.apache.catalina.core.ApplicationFilterChain.doFilter(ApplicationFilterChain.java:140) [tomcat-embed-core-10.1.43.jar:10.1.43]
	at org.springframework.web.filter.ServerHttpObservationFilter.doFilterInternal(ServerHttpObservationFilter.java:114) [spring-web-6.2.8.jar:6.2.8]
	at org.springframework.web.filter.OncePerRequestFilter.doFilter(OncePerRequestFilter.java:116) [spring-web-6.2.8.jar:6.2.8]
	at org.apache.catalina.core.ApplicationFilterChain.internalDoFilter(ApplicationFilterChain.java:164) [tomcat-embed-core-10.1.43.jar:10.1.43]
	at org.apache.catalina.core.ApplicationFilterChain.doFilter(ApplicationFilterChain.java:140) [tomcat-embed-core-10.1.43.jar:10.1.43]
	at org.springframework.web.filter.CharacterEncodingFilter.doFilterInternal(CharacterEncodingFilter.java:201) [spring-web-6.2.8.jar:6.2.8]
	at org.springframework.web.filter.OncePerRequestFilter.doFilter(OncePerRequestFilter.java:116) [spring-web-6.2.8.jar:6.2.8]
	at org.apache.catalina.core.ApplicationFilterChain.internalDoFilter(ApplicationFilterChain.java:164) [tomcat-embed-core-10.1.43.jar:10.1.43]
	at org.apache.catalina.core.ApplicationFilterChain.doFilter(ApplicationFilterChain.java:140) [tomcat-embed-core-10.1.43.jar:10.1.43]
	at org.apache.catalina.core.StandardWrapperValve.invoke(StandardWrapperValve.java:167) [tomcat-embed-core-10.1.43.jar:10.1.43]
	at org.apache.catalina.core.StandardContextValve.invoke(StandardContextValve.java:90) [tomcat-embed-core-10.1.43.jar:10.1.43]
	at org.apache.catalina.authenticator.AuthenticatorBase.invoke(AuthenticatorBase.java:483) [tomcat-embed-core-10.1.43.jar:10.1.43]
	at org.apache.catalina.core.StandardHostValve.invoke(StandardHostValve.java:116) [tomcat-embed-core-10.1.43.jar:10.1.43]
	at org.apache.catalina.valves.ErrorReportValve.invoke(ErrorReportValve.java:93) [tomcat-embed-core-10.1.43.jar:10.1.43]
	at org.apache.catalina.core.StandardEngineValve.invoke(StandardEngineValve.java:74) [tomcat-embed-core-10.1.43.jar:10.1.43]
	at org.apache.catalina.connector.CoyoteAdapter.service(CoyoteAdapter.java:344) [tomcat-embed-core-10.1.43.jar:10.1.43]
	at org.apache.coyote.http11.Http11Processor.service(Http11Processor.java:398) [tomcat-embed-core-10.1.43.jar:10.1.43]
	at org.apache.coyote.AbstractProcessorLight.process(AbstractProcessorLight.java:63) [tomcat-embed-core-10.1.43.jar:10.1.43]
	at org.apache.coyote.AbstractProtocol$ConnectionHandler.process(AbstractProtocol.java:903) [tomcat-embed-core-10.1.43.jar:10.1.43]
	at org.apache.tomcat.util.net.NioEndpoint$SocketProcessor.doRun(NioEndpoint.java:1769) [tomcat-embed-core-10.1.43.jar:10.1.43]
	at org.apache.tomcat.util.net.SocketProcessorBase.run(SocketProcessorBase.java:52) [tomcat-embed-core-10.1.43.jar:10.1.43]
	at org.apache.tomcat.util.threads.ThreadPoolExecutor.runWorker(ThreadPoolExecutor.java:1189) [tomcat-embed-core-10.1.43.jar:10.1.43]
	at org.apache.tomcat.util.threads.ThreadPoolExecutor$Worker.run(ThreadPoolExecutor.java:658) [tomcat-embed-core-10.1.43.jar:10.1.43]
	at org.apache.tomcat.util.threads.TaskThread$WrappingRunnable.run(TaskThread.java:63) [tomcat-embed-core-10.1.43.jar:10.1.43]
	at java.base/java.lang.Thread.run(Thread.java:1447) [?:?]

2025-08-27T14:02:26.967+09:00  WARN 16424 --- [MySpringBoot3Project] [http-nio-8080-exec-7] .m.m.a.ExceptionHandlerExceptionResolver : Resolved [com.rookies4.myspringboot.exception.BusinessException: Student already exists with student number: S67890]
2025-08-27T14:12:47.589+09:00 ERROR 16424 --- [MySpringBoot3Project] [http-nio-8080-exec-3] c.r.m.e.a.DefaultExceptionAdvice         : Student already exists with student number: S67890

com.rookies4.myspringboot.exception.BusinessException: Student already exists with student number: S67890
	at com.rookies4.myspringboot.service.StudentService.updateStudent(StudentService.java:102) ~[classes/:?]
	at java.base/jdk.internal.reflect.DirectMethodHandleAccessor.invoke(DirectMethodHandleAccessor.java:104) ~[?:?]
	at java.base/java.lang.reflect.Method.invoke(Method.java:565) ~[?:?]
	at org.springframework.aop.support.AopUtils.invokeJoinpointUsingReflection(AopUtils.java:359) ~[spring-aop-6.2.8.jar:6.2.8]
	at org.springframework.aop.framework.ReflectiveMethodInvocation.invokeJoinpoint(ReflectiveMethodInvocation.java:196) ~[spring-aop-6.2.8.jar:6.2.8]
	at org.springframework.aop.framework.ReflectiveMethodInvocation.proceed(ReflectiveMethodInvocation.java:163) ~[spring-aop-6.2.8.jar:6.2.8]
	at org.springframework.transaction.interceptor.TransactionAspectSupport.invokeWithinTransaction(TransactionAspectSupport.java:380) ~[spring-tx-6.2.8.jar:6.2.8]
	at org.springframework.transaction.interceptor.TransactionInterceptor.invoke(TransactionInterceptor.java:119) ~[spring-tx-6.2.8.jar:6.2.8]
	at org.springframework.aop.framework.ReflectiveMethodInvocation.proceed(ReflectiveMethodInvocation.java:184) ~[spring-aop-6.2.8.jar:6.2.8]
	at org.springframework.aop.framework.CglibAopProxy$DynamicAdvisedInterceptor.intercept(CglibAopProxy.java:728) ~[spring-aop-6.2.8.jar:6.2.8]
	at com.rookies4.myspringboot.service.StudentService$$SpringCGLIB$$0.updateStudent(<generated>) ~[classes/:?]
	at com.rookies4.myspringboot.controller.StudentController.updateStudent(StudentController.java:50) ~[classes/:?]
	at java.base/jdk.internal.reflect.DirectMethodHandleAccessor.invoke(DirectMethodHandleAccessor.java:104) ~[?:?]
	at java.base/java.lang.reflect.Method.invoke(Method.java:565) ~[?:?]
	at org.springframework.web.method.support.InvocableHandlerMethod.doInvoke(InvocableHandlerMethod.java:258) ~[spring-web-6.2.8.jar:6.2.8]
	at org.springframework.web.method.support.InvocableHandlerMethod.invokeForRequest(InvocableHandlerMethod.java:191) ~[spring-web-6.2.8.jar:6.2.8]
	at org.springframework.web.servlet.mvc.method.annotation.ServletInvocableHandlerMethod.invokeAndHandle(ServletInvocableHandlerMethod.java:118) ~[spring-webmvc-6.2.8.jar:6.2.8]
	at org.springframework.web.servlet.mvc.method.annotation.RequestMappingHandlerAdapter.invokeHandlerMethod(RequestMappingHandlerAdapter.java:986) ~[spring-webmvc-6.2.8.jar:6.2.8]
	at org.springframework.web.servlet.mvc.method.annotation.RequestMappingHandlerAdapter.handleInternal(RequestMappingHandlerAdapter.java:891) ~[spring-webmvc-6.2.8.jar:6.2.8]
	at org.springframework.web.servlet.mvc.method.AbstractHandlerMethodAdapter.handle(AbstractHandlerMethodAdapter.java:87) ~[spring-webmvc-6.2.8.jar:6.2.8]
	at org.springframework.web.servlet.DispatcherServlet.doDispatch(DispatcherServlet.java:1089) [spring-webmvc-6.2.8.jar:6.2.8]
	at org.springframework.web.servlet.DispatcherServlet.doService(DispatcherServlet.java:979) [spring-webmvc-6.2.8.jar:6.2.8]
	at org.springframework.web.servlet.FrameworkServlet.processRequest(FrameworkServlet.java:1014) [spring-webmvc-6.2.8.jar:6.2.8]
	at org.springframework.web.servlet.FrameworkServlet.doPut(FrameworkServlet.java:925) [spring-webmvc-6.2.8.jar:6.2.8]
	at jakarta.servlet.http.HttpServlet.service(HttpServlet.java:593) [tomcat-embed-core-10.1.43.jar:6.0]
	at org.springframework.web.servlet.FrameworkServlet.service(FrameworkServlet.java:885) [spring-webmvc-6.2.8.jar:6.2.8]
	at jakarta.servlet.http.HttpServlet.service(HttpServlet.java:658) [tomcat-embed-core-10.1.43.jar:6.0]
	at org.apache.catalina.core.ApplicationFilterChain.internalDoFilter(ApplicationFilterChain.java:195) [tomcat-embed-core-10.1.43.jar:10.1.43]
	at org.apache.catalina.core.ApplicationFilterChain.doFilter(ApplicationFilterChain.java:140) [tomcat-embed-core-10.1.43.jar:10.1.43]
	at org.apache.tomcat.websocket.server.WsFilter.doFilter(WsFilter.java:51) [tomcat-embed-websocket-10.1.43.jar:10.1.43]
	at org.apache.catalina.core.ApplicationFilterChain.internalDoFilter(ApplicationFilterChain.java:164) [tomcat-embed-core-10.1.43.jar:10.1.43]
	at org.apache.catalina.core.ApplicationFilterChain.doFilter(ApplicationFilterChain.java:140) [tomcat-embed-core-10.1.43.jar:10.1.43]
	at org.springframework.web.filter.CorsFilter.doFilterInternal(CorsFilter.java:91) [spring-web-6.2.8.jar:6.2.8]
	at org.springframework.web.filter.OncePerRequestFilter.doFilter(OncePerRequestFilter.java:116) [spring-web-6.2.8.jar:6.2.8]
	at org.apache.catalina.core.ApplicationFilterChain.internalDoFilter(ApplicationFilterChain.java:164) [tomcat-embed-core-10.1.43.jar:10.1.43]
	at org.apache.catalina.core.ApplicationFilterChain.doFilter(ApplicationFilterChain.java:140) [tomcat-embed-core-10.1.43.jar:10.1.43]
	at org.springframework.web.filter.RequestContextFilter.doFilterInternal(RequestContextFilter.java:100) [spring-web-6.2.8.jar:6.2.8]
	at org.springframework.web.filter.OncePerRequestFilter.doFilter(OncePerRequestFilter.java:116) [spring-web-6.2.8.jar:6.2.8]
	at org.apache.catalina.core.ApplicationFilterChain.internalDoFilter(ApplicationFilterChain.java:164) [tomcat-embed-core-10.1.43.jar:10.1.43]
	at org.apache.catalina.core.ApplicationFilterChain.doFilter(ApplicationFilterChain.java:140) [tomcat-embed-core-10.1.43.jar:10.1.43]
	at org.springframework.web.filter.FormContentFilter.doFilterInternal(FormContentFilter.java:93) [spring-web-6.2.8.jar:6.2.8]
	at org.springframework.web.filter.OncePerRequestFilter.doFilter(OncePerRequestFilter.java:116) [spring-web-6.2.8.jar:6.2.8]
	at org.apache.catalina.core.ApplicationFilterChain.internalDoFilter(ApplicationFilterChain.java:164) [tomcat-embed-core-10.1.43.jar:10.1.43]
	at org.apache.catalina.core.ApplicationFilterChain.doFilter(ApplicationFilterChain.java:140) [tomcat-embed-core-10.1.43.jar:10.1.43]
	at org.springframework.web.filter.ServerHttpObservationFilter.doFilterInternal(ServerHttpObservationFilter.java:114) [spring-web-6.2.8.jar:6.2.8]
	at org.springframework.web.filter.OncePerRequestFilter.doFilter(OncePerRequestFilter.java:116) [spring-web-6.2.8.jar:6.2.8]
	at org.apache.catalina.core.ApplicationFilterChain.internalDoFilter(ApplicationFilterChain.java:164) [tomcat-embed-core-10.1.43.jar:10.1.43]
	at org.apache.catalina.core.ApplicationFilterChain.doFilter(ApplicationFilterChain.java:140) [tomcat-embed-core-10.1.43.jar:10.1.43]
	at org.springframework.web.filter.CharacterEncodingFilter.doFilterInternal(CharacterEncodingFilter.java:201) [spring-web-6.2.8.jar:6.2.8]
	at org.springframework.web.filter.OncePerRequestFilter.doFilter(OncePerRequestFilter.java:116) [spring-web-6.2.8.jar:6.2.8]
	at org.apache.catalina.core.ApplicationFilterChain.internalDoFilter(ApplicationFilterChain.java:164) [tomcat-embed-core-10.1.43.jar:10.1.43]
	at org.apache.catalina.core.ApplicationFilterChain.doFilter(ApplicationFilterChain.java:140) [tomcat-embed-core-10.1.43.jar:10.1.43]
	at org.apache.catalina.core.StandardWrapperValve.invoke(StandardWrapperValve.java:167) [tomcat-embed-core-10.1.43.jar:10.1.43]
	at org.apache.catalina.core.StandardContextValve.invoke(StandardContextValve.java:90) [tomcat-embed-core-10.1.43.jar:10.1.43]
	at org.apache.catalina.authenticator.AuthenticatorBase.invoke(AuthenticatorBase.java:483) [tomcat-embed-core-10.1.43.jar:10.1.43]
	at org.apache.catalina.core.StandardHostValve.invoke(StandardHostValve.java:116) [tomcat-embed-core-10.1.43.jar:10.1.43]
	at org.apache.catalina.valves.ErrorReportValve.invoke(ErrorReportValve.java:93) [tomcat-embed-core-10.1.43.jar:10.1.43]
	at org.apache.catalina.core.StandardEngineValve.invoke(StandardEngineValve.java:74) [tomcat-embed-core-10.1.43.jar:10.1.43]
	at org.apache.catalina.connector.CoyoteAdapter.service(CoyoteAdapter.java:344) [tomcat-embed-core-10.1.43.jar:10.1.43]
	at org.apache.coyote.http11.Http11Processor.service(Http11Processor.java:398) [tomcat-embed-core-10.1.43.jar:10.1.43]
	at org.apache.coyote.AbstractProcessorLight.process(AbstractProcessorLight.java:63) [tomcat-embed-core-10.1.43.jar:10.1.43]
	at org.apache.coyote.AbstractProtocol$ConnectionHandler.process(AbstractProtocol.java:903) [tomcat-embed-core-10.1.43.jar:10.1.43]
	at org.apache.tomcat.util.net.NioEndpoint$SocketProcessor.doRun(NioEndpoint.java:1769) [tomcat-embed-core-10.1.43.jar:10.1.43]
	at org.apache.tomcat.util.net.SocketProcessorBase.run(SocketProcessorBase.java:52) [tomcat-embed-core-10.1.43.jar:10.1.43]
	at org.apache.tomcat.util.threads.ThreadPoolExecutor.runWorker(ThreadPoolExecutor.java:1189) [tomcat-embed-core-10.1.43.jar:10.1.43]
	at org.apache.tomcat.util.threads.ThreadPoolExecutor$Worker.run(ThreadPoolExecutor.java:658) [tomcat-embed-core-10.1.43.jar:10.1.43]
	at org.apache.tomcat.util.threads.TaskThread$WrappingRunnable.run(TaskThread.java:63) [tomcat-embed-core-10.1.43.jar:10.1.43]
	at java.base/java.lang.Thread.run(Thread.java:1447) [?:?]

2025-08-27T14:12:47.594+09:00  WARN 16424 --- [MySpringBoot3Project] [http-nio-8080-exec-3] .m.m.a.ExceptionHandlerExceptionResolver : Resolved [com.rookies4.myspringboot.exception.BusinessException: Student already exists with student number: S67890]
2025-08-27T14:14:33.981+09:00 ERROR 16424 --- [MySpringBoot3Project] [http-nio-8080-exec-1] c.r.m.e.a.DefaultExceptionAdvice         : Student detail already exists with phone number: 010-9876-5432

com.rookies4.myspringboot.exception.BusinessException: Student detail already exists with phone number: 010-9876-5432
	at com.rookies4.myspringboot.service.StudentService.updateStudent(StudentService.java:142) ~[classes/:?]
	at java.base/jdk.internal.reflect.DirectMethodHandleAccessor.invoke(DirectMethodHandleAccessor.java:104) ~[?:?]
	at java.base/java.lang.reflect.Method.invoke(Method.java:565) ~[?:?]
	at org.springframework.aop.support.AopUtils.invokeJoinpointUsingReflection(AopUtils.java:359) ~[spring-aop-6.2.8.jar:6.2.8]
	at org.springframework.aop.framework.ReflectiveMethodInvocation.invokeJoinpoint(ReflectiveMethodInvocation.java:196) ~[spring-aop-6.2.8.jar:6.2.8]
	at org.springframework.aop.framework.ReflectiveMethodInvocation.proceed(ReflectiveMethodInvocation.java:163) ~[spring-aop-6.2.8.jar:6.2.8]
	at org.springframework.transaction.interceptor.TransactionAspectSupport.invokeWithinTransaction(TransactionAspectSupport.java:380) ~[spring-tx-6.2.8.jar:6.2.8]
	at org.springframework.transaction.interceptor.TransactionInterceptor.invoke(TransactionInterceptor.java:119) ~[spring-tx-6.2.8.jar:6.2.8]
	at org.springframework.aop.framework.ReflectiveMethodInvocation.proceed(ReflectiveMethodInvocation.java:184) ~[spring-aop-6.2.8.jar:6.2.8]
	at org.springframework.aop.framework.CglibAopProxy$DynamicAdvisedInterceptor.intercept(CglibAopProxy.java:728) ~[spring-aop-6.2.8.jar:6.2.8]
	at com.rookies4.myspringboot.service.StudentService$$SpringCGLIB$$0.updateStudent(<generated>) ~[classes/:?]
	at com.rookies4.myspringboot.controller.StudentController.updateStudent(StudentController.java:50) ~[classes/:?]
	at java.base/jdk.internal.reflect.DirectMethodHandleAccessor.invoke(DirectMethodHandleAccessor.java:104) ~[?:?]
	at java.base/java.lang.reflect.Method.invoke(Method.java:565) ~[?:?]
	at org.springframework.web.method.support.InvocableHandlerMethod.doInvoke(InvocableHandlerMethod.java:258) ~[spring-web-6.2.8.jar:6.2.8]
	at org.springframework.web.method.support.InvocableHandlerMethod.invokeForRequest(InvocableHandlerMethod.java:191) ~[spring-web-6.2.8.jar:6.2.8]
	at org.springframework.web.servlet.mvc.method.annotation.ServletInvocableHandlerMethod.invokeAndHandle(ServletInvocableHandlerMethod.java:118) ~[spring-webmvc-6.2.8.jar:6.2.8]
	at org.springframework.web.servlet.mvc.method.annotation.RequestMappingHandlerAdapter.invokeHandlerMethod(RequestMappingHandlerAdapter.java:986) ~[spring-webmvc-6.2.8.jar:6.2.8]
	at org.springframework.web.servlet.mvc.method.annotation.RequestMappingHandlerAdapter.handleInternal(RequestMappingHandlerAdapter.java:891) ~[spring-webmvc-6.2.8.jar:6.2.8]
	at org.springframework.web.servlet.mvc.method.AbstractHandlerMethodAdapter.handle(AbstractHandlerMethodAdapter.java:87) ~[spring-webmvc-6.2.8.jar:6.2.8]
	at org.springframework.web.servlet.DispatcherServlet.doDispatch(DispatcherServlet.java:1089) [spring-webmvc-6.2.8.jar:6.2.8]
	at org.springframework.web.servlet.DispatcherServlet.doService(DispatcherServlet.java:979) [spring-webmvc-6.2.8.jar:6.2.8]
	at org.springframework.web.servlet.FrameworkServlet.processRequest(FrameworkServlet.java:1014) [spring-webmvc-6.2.8.jar:6.2.8]
	at org.springframework.web.servlet.FrameworkServlet.doPut(FrameworkServlet.java:925) [spring-webmvc-6.2.8.jar:6.2.8]
	at jakarta.servlet.http.HttpServlet.service(HttpServlet.java:593) [tomcat-embed-core-10.1.43.jar:6.0]
	at org.springframework.web.servlet.FrameworkServlet.service(FrameworkServlet.java:885) [spring-webmvc-6.2.8.jar:6.2.8]
	at jakarta.servlet.http.HttpServlet.service(HttpServlet.java:658) [tomcat-embed-core-10.1.43.jar:6.0]
	at org.apache.catalina.core.ApplicationFilterChain.internalDoFilter(ApplicationFilterChain.java:195) [tomcat-embed-core-10.1.43.jar:10.1.43]
	at org.apache.catalina.core.ApplicationFilterChain.doFilter(ApplicationFilterChain.java:140) [tomcat-embed-core-10.1.43.jar:10.1.43]
	at org.apache.tomcat.websocket.server.WsFilter.doFilter(WsFilter.java:51) [tomcat-embed-websocket-10.1.43.jar:10.1.43]
	at org.apache.catalina.core.ApplicationFilterChain.internalDoFilter(ApplicationFilterChain.java:164) [tomcat-embed-core-10.1.43.jar:10.1.43]
	at org.apache.catalina.core.ApplicationFilterChain.doFilter(ApplicationFilterChain.java:140) [tomcat-embed-core-10.1.43.jar:10.1.43]
	at org.springframework.web.filter.CorsFilter.doFilterInternal(CorsFilter.java:91) [spring-web-6.2.8.jar:6.2.8]
	at org.springframework.web.filter.OncePerRequestFilter.doFilter(OncePerRequestFilter.java:116) [spring-web-6.2.8.jar:6.2.8]
	at org.apache.catalina.core.ApplicationFilterChain.internalDoFilter(ApplicationFilterChain.java:164) [tomcat-embed-core-10.1.43.jar:10.1.43]
	at org.apache.catalina.core.ApplicationFilterChain.doFilter(ApplicationFilterChain.java:140) [tomcat-embed-core-10.1.43.jar:10.1.43]
	at org.springframework.web.filter.RequestContextFilter.doFilterInternal(RequestContextFilter.java:100) [spring-web-6.2.8.jar:6.2.8]
	at org.springframework.web.filter.OncePerRequestFilter.doFilter(OncePerRequestFilter.java:116) [spring-web-6.2.8.jar:6.2.8]
	at org.apache.catalina.core.ApplicationFilterChain.internalDoFilter(ApplicationFilterChain.java:164) [tomcat-embed-core-10.1.43.jar:10.1.43]
	at org.apache.catalina.core.ApplicationFilterChain.doFilter(ApplicationFilterChain.java:140) [tomcat-embed-core-10.1.43.jar:10.1.43]
	at org.springframework.web.filter.FormContentFilter.doFilterInternal(FormContentFilter.java:93) [spring-web-6.2.8.jar:6.2.8]
	at org.springframework.web.filter.OncePerRequestFilter.doFilter(OncePerRequestFilter.java:116) [spring-web-6.2.8.jar:6.2.8]
	at org.apache.catalina.core.ApplicationFilterChain.internalDoFilter(ApplicationFilterChain.java:164) [tomcat-embed-core-10.1.43.jar:10.1.43]
	at org.apache.catalina.core.ApplicationFilterChain.doFilter(ApplicationFilterChain.java:140) [tomcat-embed-core-10.1.43.jar:10.1.43]
	at org.springframework.web.filter.ServerHttpObservationFilter.doFilterInternal(ServerHttpObservationFilter.java:114) [spring-web-6.2.8.jar:6.2.8]
	at org.springframework.web.filter.OncePerRequestFilter.doFilter(OncePerRequestFilter.java:116) [spring-web-6.2.8.jar:6.2.8]
	at org.apache.catalina.core.ApplicationFilterChain.internalDoFilter(ApplicationFilterChain.java:164) [tomcat-embed-core-10.1.43.jar:10.1.43]
	at org.apache.catalina.core.ApplicationFilterChain.doFilter(ApplicationFilterChain.java:140) [tomcat-embed-core-10.1.43.jar:10.1.43]
	at org.springframework.web.filter.CharacterEncodingFilter.doFilterInternal(CharacterEncodingFilter.java:201) [spring-web-6.2.8.jar:6.2.8]
	at org.springframework.web.filter.OncePerRequestFilter.doFilter(OncePerRequestFilter.java:116) [spring-web-6.2.8.jar:6.2.8]
	at org.apache.catalina.core.ApplicationFilterChain.internalDoFilter(ApplicationFilterChain.java:164) [tomcat-embed-core-10.1.43.jar:10.1.43]
	at org.apache.catalina.core.ApplicationFilterChain.doFilter(ApplicationFilterChain.java:140) [tomcat-embed-core-10.1.43.jar:10.1.43]
	at org.apache.catalina.core.StandardWrapperValve.invoke(StandardWrapperValve.java:167) [tomcat-embed-core-10.1.43.jar:10.1.43]
	at org.apache.catalina.core.StandardContextValve.invoke(StandardContextValve.java:90) [tomcat-embed-core-10.1.43.jar:10.1.43]
	at org.apache.catalina.authenticator.AuthenticatorBase.invoke(AuthenticatorBase.java:483) [tomcat-embed-core-10.1.43.jar:10.1.43]
	at org.apache.catalina.core.StandardHostValve.invoke(StandardHostValve.java:116) [tomcat-embed-core-10.1.43.jar:10.1.43]
	at org.apache.catalina.valves.ErrorReportValve.invoke(ErrorReportValve.java:93) [tomcat-embed-core-10.1.43.jar:10.1.43]
	at org.apache.catalina.core.StandardEngineValve.invoke(StandardEngineValve.java:74) [tomcat-embed-core-10.1.43.jar:10.1.43]
	at org.apache.catalina.connector.CoyoteAdapter.service(CoyoteAdapter.java:344) [tomcat-embed-core-10.1.43.jar:10.1.43]
	at org.apache.coyote.http11.Http11Processor.service(Http11Processor.java:398) [tomcat-embed-core-10.1.43.jar:10.1.43]
	at org.apache.coyote.AbstractProcessorLight.process(AbstractProcessorLight.java:63) [tomcat-embed-core-10.1.43.jar:10.1.43]
	at org.apache.coyote.AbstractProtocol$ConnectionHandler.process(AbstractProtocol.java:903) [tomcat-embed-core-10.1.43.jar:10.1.43]
	at org.apache.tomcat.util.net.NioEndpoint$SocketProcessor.doRun(NioEndpoint.java:1769) [tomcat-embed-core-10.1.43.jar:10.1.43]
	at org.apache.tomcat.util.net.SocketProcessorBase.run(SocketProcessorBase.java:52) [tomcat-embed-core-10.1.43.jar:10.1.43]
	at org.apache.tomcat.util.threads.ThreadPoolExecutor.runWorker(ThreadPoolExecutor.java:1189) [tomcat-embed-core-10.1.43.jar:10.1.43]
	at org.apache.tomcat.util.threads.ThreadPoolExecutor$Worker.run(ThreadPoolExecutor.java:658) [tomcat-embed-core-10.1.43.jar:10.1.43]
	at org.apache.tomcat.util.threads.TaskThread$WrappingRunnable.run(TaskThread.java:63) [tomcat-embed-core-10.1.43.jar:10.1.43]
	at java.base/java.lang.Thread.run(Thread.java:1447) [?:?]

2025-08-27T14:14:33.987+09:00  WARN 16424 --- [MySpringBoot3Project] [http-nio-8080-exec-1] .m.m.a.ExceptionHandlerExceptionResolver : Resolved [com.rookies4.myspringboot.exception.BusinessException: Student detail already exists with phone number: 010-9876-5432]
2025-08-27T14:32:26.068+09:00  INFO 16424 --- [MySpringBoot3Project] [SpringApplicationShutdownHook] o.s.b.w.e.t.GracefulShutdown             : Commencing graceful shutdown. Waiting for active requests to complete
2025-08-27T14:32:26.092+09:00  INFO 16424 --- [MySpringBoot3Project] [tomcat-shutdown] o.s.b.w.e.t.GracefulShutdown             : Graceful shutdown complete
2025-08-27T14:32:26.120+09:00  INFO 16424 --- [MySpringBoot3Project] [SpringApplicationShutdownHook] j.LocalContainerEntityManagerFactoryBean : Closing JPA EntityManagerFactory for persistence unit 'default'
2025-08-27T14:32:26.131+09:00  INFO 16424 --- [MySpringBoot3Project] [SpringApplicationShutdownHook] c.z.h.HikariDataSource                   : HikariPool-1 - Shutdown initiated...
2025-08-27T14:32:26.137+09:00  INFO 16424 --- [MySpringBoot3Project] [SpringApplicationShutdownHook] c.z.h.HikariDataSource                   : HikariPool-1 - Shutdown completed.
2025-08-27T14:44:11.381+09:00  INFO 20384 --- [MySpringBoot3Project] [restartedMain] c.r.m.MySpringBoot3ProjectApplication    : Starting MySpringBoot3ProjectApplication using Java 24.0.2 with PID 20384 (C:\mybackend\SpringBoot\MySpringBoot3Project (1)\MySpringBoot3Project\target\classes started by user in C:\mybackend\SpringBoot\MySpringBoot3Project (1)\MySpringBoot3Project)
2025-08-27T14:44:11.387+09:00  INFO 20384 --- [MySpringBoot3Project] [restartedMain] c.r.m.MySpringBoot3ProjectApplication    : The following 1 profile is active: "prod"
2025-08-27T14:44:11.429+09:00  INFO 20384 --- [MySpringBoot3Project] [restartedMain] .e.DevToolsPropertyDefaultsPostProcessor : Devtools property defaults active! Set 'spring.devtools.add-properties' to 'false' to disable
2025-08-27T14:44:11.429+09:00  INFO 20384 --- [MySpringBoot3Project] [restartedMain] .e.DevToolsPropertyDefaultsPostProcessor : For additional web related logging consider setting the 'logging.level.web' property to 'DEBUG'
2025-08-27T14:44:12.456+09:00  INFO 20384 --- [MySpringBoot3Project] [restartedMain] .s.d.r.c.RepositoryConfigurationDelegate : Bootstrapping Spring Data JPA repositories in DEFAULT mode.
2025-08-27T14:44:12.513+09:00  INFO 20384 --- [MySpringBoot3Project] [restartedMain] .s.d.r.c.RepositoryConfigurationDelegate : Finished Spring Data repository scanning in 48 ms. Found 4 JPA repository interfaces.
2025-08-27T14:44:13.147+09:00  INFO 20384 --- [MySpringBoot3Project] [restartedMain] o.s.b.w.e.t.TomcatWebServer              : Tomcat initialized with port 8080 (http)
2025-08-27T14:44:13.168+09:00  INFO 20384 --- [MySpringBoot3Project] [restartedMain] o.a.c.c.StandardService                  : Starting service [Tomcat]
2025-08-27T14:44:13.171+09:00  INFO 20384 --- [MySpringBoot3Project] [restartedMain] o.a.c.c.StandardEngine                   : Starting Servlet engine: [Apache Tomcat/10.1.43]
2025-08-27T14:44:13.234+09:00  INFO 20384 --- [MySpringBoot3Project] [restartedMain] o.a.c.c.C.[.[.[/]                        : Initializing Spring embedded WebApplicationContext
2025-08-27T14:44:13.234+09:00  INFO 20384 --- [MySpringBoot3Project] [restartedMain] w.s.c.ServletWebServerApplicationContext : Root WebApplicationContext: initialization completed in 1804 ms
2025-08-27T14:44:13.559+09:00  INFO 20384 --- [MySpringBoot3Project] [restartedMain] o.h.j.i.u.LogHelper                      : HHH000204: Processing PersistenceUnitInfo [name: default]
2025-08-27T14:44:13.619+09:00  INFO 20384 --- [MySpringBoot3Project] [restartedMain] o.h.Version                              : HHH000412: Hibernate ORM core version 6.6.22.Final
2025-08-27T14:44:13.660+09:00  INFO 20384 --- [MySpringBoot3Project] [restartedMain] o.h.c.i.RegionFactoryInitiator           : HHH000026: Second-level cache disabled
2025-08-27T14:44:13.889+09:00  INFO 20384 --- [MySpringBoot3Project] [restartedMain] o.s.o.j.p.SpringPersistenceUnitInfo      : No LoadTimeWeaver setup: ignoring JPA class transformer
2025-08-27T14:44:13.918+09:00  INFO 20384 --- [MySpringBoot3Project] [restartedMain] c.z.h.HikariDataSource                   : HikariPool-1 - Starting...
2025-08-27T14:44:13.981+09:00  INFO 20384 --- [MySpringBoot3Project] [restartedMain] c.z.h.p.HikariPool                       : HikariPool-1 - Added connection org.mariadb.jdbc.Connection@411936d0
2025-08-27T14:44:13.982+09:00  INFO 20384 --- [MySpringBoot3Project] [restartedMain] c.z.h.HikariDataSource                   : HikariPool-1 - Start completed.
2025-08-27T14:44:14.001+09:00  WARN 20384 --- [MySpringBoot3Project] [restartedMain] o.h.o.deprecation                        : HHH90000025: MariaDBDialect does not need to be specified explicitly using 'hibernate.dialect' (remove the property setting and it will be selected by default)
2025-08-27T14:44:14.017+09:00  INFO 20384 --- [MySpringBoot3Project] [restartedMain] o.h.o.c.pooling                          : HHH10001005: Database info:
	Database JDBC URL [Connecting through datasource 'HikariDataSource (HikariPool-1)']
	Database driver: undefined/unknown
	Database version: 10.11.5
	Autocommit mode: undefined/unknown
	Isolation level: undefined/unknown
	Minimum pool size: undefined/unknown
	Maximum pool size: undefined/unknown
2025-08-27T14:44:14.684+09:00  INFO 20384 --- [MySpringBoot3Project] [restartedMain] o.h.e.t.j.p.i.JtaPlatformInitiator       : HHH000489: No JTA platform available (set 'hibernate.transaction.jta.platform' to enable JTA platform integration)
2025-08-27T14:44:14.762+09:00  INFO 20384 --- [MySpringBoot3Project] [restartedMain] j.LocalContainerEntityManagerFactoryBean : Initialized JPA EntityManagerFactory for persistence unit 'default'
2025-08-27T14:44:15.069+09:00  INFO 20384 --- [MySpringBoot3Project] [restartedMain] o.s.d.j.r.q.QueryEnhancerFactory         : Hibernate is in classpath; If applicable, HQL parser will be used.
2025-08-27T14:44:15.648+09:00  WARN 20384 --- [MySpringBoot3Project] [restartedMain] JpaBaseConfiguration$JpaWebConfiguration : spring.jpa.open-in-view is enabled by default. Therefore, database queries may be performed during view rendering. Explicitly configure spring.jpa.open-in-view to disable this warning
2025-08-27T14:44:15.676+09:00  INFO 20384 --- [MySpringBoot3Project] [restartedMain] o.s.b.a.w.s.WelcomePageHandlerMapping    : Adding welcome page: class path resource [static/index.html]
2025-08-27T14:44:16.232+09:00  INFO 20384 --- [MySpringBoot3Project] [restartedMain] o.s.b.a.h.H2ConsoleAutoConfiguration     : H2 console available at '/h2-console'. Database available at 'jdbc:mariadb://127.0.0.1/boot_db?user=boot&password=***'
2025-08-27T14:44:16.266+09:00  INFO 20384 --- [MySpringBoot3Project] [restartedMain] o.s.b.d.a.OptionalLiveReloadServer       : LiveReload server is running on port 35729
2025-08-27T14:44:16.274+09:00  INFO 20384 --- [MySpringBoot3Project] [restartedMain] o.s.b.a.e.w.EndpointLinksResolver        : Exposing 15 endpoints beneath base path '/actuator'
2025-08-27T14:44:16.350+09:00  INFO 20384 --- [MySpringBoot3Project] [restartedMain] o.s.b.w.e.t.TomcatWebServer              : Tomcat started on port 8080 (http) with context path '/'
2025-08-27T14:44:16.359+09:00  INFO 20384 --- [MySpringBoot3Project] [restartedMain] c.r.m.MySpringBoot3ProjectApplication    : Started MySpringBoot3ProjectApplication in 5.463 seconds (process running for 6.113)
2025-08-27T14:44:16.421+09:00  INFO 20384 --- [MySpringBoot3Project] [restartedMain] c.r.m.r.DatabaseRunner                   : DataSource 구현객체는 com.zaxxer.hikari.HikariDataSource 
2025-08-27T14:44:16.422+09:00  INFO 20384 --- [MySpringBoot3Project] [restartedMain] c.r.m.r.DatabaseRunner                   : DB Product Name = MariaDB
2025-08-27T14:44:16.423+09:00  INFO 20384 --- [MySpringBoot3Project] [restartedMain] c.r.m.r.DatabaseRunner                   : DB URL = jdbc:mariadb://127.0.0.1/boot_db?user=boot&password=***
2025-08-27T14:44:16.423+09:00  INFO 20384 --- [MySpringBoot3Project] [restartedMain] c.r.m.r.DatabaseRunner                   : DB Username = boot
2025-08-27T14:44:16.424+09:00  INFO 20384 --- [MySpringBoot3Project] [restartedMain] c.r.m.r.MyPropsRunner                    : 현재 활성화된 CustomerVO Bean = CustomVO(mode=운영모드, rate=1.5)
2025-08-27T14:44:16.424+09:00  INFO 20384 --- [MySpringBoot3Project] [restartedMain] c.r.m.r.MyPropsRunner                    : MyBootProperties.getName() = Spring PROD
2025-08-27T14:44:16.425+09:00  INFO 20384 --- [MySpringBoot3Project] [restartedMain] c.r.m.r.MyPropsRunner                    : MyBootProperties.getAge() = 72
2025-08-27T14:44:16.425+09:00  INFO 20384 --- [MySpringBoot3Project] [restartedMain] c.r.m.r.MyPropsRunner                    : MyBootProperties.getFullName() = Spring PROD Boot
2025-08-27T14:44:16.425+09:00  INFO 20384 --- [MySpringBoot3Project] [restartedMain] c.r.m.r.MyPropsRunner                    : Properties myboot.name = Spring PROD
2025-08-27T14:44:16.425+09:00  INFO 20384 --- [MySpringBoot3Project] [restartedMain] c.r.m.r.MyPropsRunner                    : Properties myboot.age = 11
2025-08-27T14:44:16.425+09:00  INFO 20384 --- [MySpringBoot3Project] [restartedMain] c.r.m.r.MyPropsRunner                    : Properties myboot.fullName = Spring PROD Boot
2025-08-27T14:47:46.394+09:00  INFO 20384 --- [MySpringBoot3Project] [http-nio-8080-exec-1] o.a.c.c.C.[.[.[/]                        : Initializing Spring DispatcherServlet 'dispatcherServlet'
2025-08-27T14:47:46.394+09:00  INFO 20384 --- [MySpringBoot3Project] [http-nio-8080-exec-1] o.s.w.s.DispatcherServlet                : Initializing Servlet 'dispatcherServlet'
2025-08-27T14:47:46.396+09:00  INFO 20384 --- [MySpringBoot3Project] [http-nio-8080-exec-1] o.s.w.s.DispatcherServlet                : Completed initialization in 2 ms
2025-08-27T14:48:19.362+09:00  INFO 20384 --- [MySpringBoot3Project] [SpringApplicationShutdownHook] o.s.b.w.e.t.GracefulShutdown             : Commencing graceful shutdown. Waiting for active requests to complete
2025-08-27T14:48:19.369+09:00  INFO 20384 --- [MySpringBoot3Project] [tomcat-shutdown] o.s.b.w.e.t.GracefulShutdown             : Graceful shutdown complete
2025-08-27T14:48:19.377+09:00  INFO 20384 --- [MySpringBoot3Project] [SpringApplicationShutdownHook] j.LocalContainerEntityManagerFactoryBean : Closing JPA EntityManagerFactory for persistence unit 'default'
2025-08-27T14:48:19.381+09:00  INFO 20384 --- [MySpringBoot3Project] [SpringApplicationShutdownHook] c.z.h.HikariDataSource                   : HikariPool-1 - Shutdown initiated...
2025-08-27T14:48:19.386+09:00  INFO 20384 --- [MySpringBoot3Project] [SpringApplicationShutdownHook] c.z.h.HikariDataSource                   : HikariPool-1 - Shutdown completed.
2025-08-27T14:48:38.460+09:00  INFO 2528 --- [MySpringBoot3Project] [restartedMain] c.r.m.MySpringBoot3ProjectApplication    : Starting MySpringBoot3ProjectApplication using Java 24.0.2 with PID 2528 (C:\mybackend\SpringBoot\MySpringBoot3Project (1)\MySpringBoot3Project\target\classes started by user in C:\mybackend\SpringBoot\MySpringBoot3Project (1)\MySpringBoot3Project)
2025-08-27T14:48:38.465+09:00  INFO 2528 --- [MySpringBoot3Project] [restartedMain] c.r.m.MySpringBoot3ProjectApplication    : The following 1 profile is active: "prod"
2025-08-27T14:48:38.503+09:00  INFO 2528 --- [MySpringBoot3Project] [restartedMain] .e.DevToolsPropertyDefaultsPostProcessor : Devtools property defaults active! Set 'spring.devtools.add-properties' to 'false' to disable
2025-08-27T14:48:38.504+09:00  INFO 2528 --- [MySpringBoot3Project] [restartedMain] .e.DevToolsPropertyDefaultsPostProcessor : For additional web related logging consider setting the 'logging.level.web' property to 'DEBUG'
2025-08-27T14:48:39.551+09:00  INFO 2528 --- [MySpringBoot3Project] [restartedMain] .s.d.r.c.RepositoryConfigurationDelegate : Bootstrapping Spring Data JPA repositories in DEFAULT mode.
2025-08-27T14:48:39.632+09:00  INFO 2528 --- [MySpringBoot3Project] [restartedMain] .s.d.r.c.RepositoryConfigurationDelegate : Finished Spring Data repository scanning in 68 ms. Found 4 JPA repository interfaces.
2025-08-27T14:48:40.284+09:00  INFO 2528 --- [MySpringBoot3Project] [restartedMain] o.s.b.w.e.t.TomcatWebServer              : Tomcat initialized with port 8080 (http)
2025-08-27T14:48:40.306+09:00  INFO 2528 --- [MySpringBoot3Project] [restartedMain] o.a.c.c.StandardService                  : Starting service [Tomcat]
2025-08-27T14:48:40.308+09:00  INFO 2528 --- [MySpringBoot3Project] [restartedMain] o.a.c.c.StandardEngine                   : Starting Servlet engine: [Apache Tomcat/10.1.43]
2025-08-27T14:48:40.346+09:00  INFO 2528 --- [MySpringBoot3Project] [restartedMain] o.a.c.c.C.[.[.[/]                        : Initializing Spring embedded WebApplicationContext
2025-08-27T14:48:40.347+09:00  INFO 2528 --- [MySpringBoot3Project] [restartedMain] w.s.c.ServletWebServerApplicationContext : Root WebApplicationContext: initialization completed in 1842 ms
2025-08-27T14:48:40.674+09:00  INFO 2528 --- [MySpringBoot3Project] [restartedMain] o.h.j.i.u.LogHelper                      : HHH000204: Processing PersistenceUnitInfo [name: default]
2025-08-27T14:48:40.734+09:00  INFO 2528 --- [MySpringBoot3Project] [restartedMain] o.h.Version                              : HHH000412: Hibernate ORM core version 6.6.22.Final
2025-08-27T14:48:40.779+09:00  INFO 2528 --- [MySpringBoot3Project] [restartedMain] o.h.c.i.RegionFactoryInitiator           : HHH000026: Second-level cache disabled
2025-08-27T14:48:41.029+09:00  INFO 2528 --- [MySpringBoot3Project] [restartedMain] o.s.o.j.p.SpringPersistenceUnitInfo      : No LoadTimeWeaver setup: ignoring JPA class transformer
2025-08-27T14:48:41.055+09:00  INFO 2528 --- [MySpringBoot3Project] [restartedMain] c.z.h.HikariDataSource                   : HikariPool-1 - Starting...
2025-08-27T14:48:41.130+09:00  INFO 2528 --- [MySpringBoot3Project] [restartedMain] c.z.h.p.HikariPool                       : HikariPool-1 - Added connection org.mariadb.jdbc.Connection@126e451c
2025-08-27T14:48:41.132+09:00  INFO 2528 --- [MySpringBoot3Project] [restartedMain] c.z.h.HikariDataSource                   : HikariPool-1 - Start completed.
2025-08-27T14:48:41.150+09:00  WARN 2528 --- [MySpringBoot3Project] [restartedMain] o.h.o.deprecation                        : HHH90000025: MariaDBDialect does not need to be specified explicitly using 'hibernate.dialect' (remove the property setting and it will be selected by default)
2025-08-27T14:48:41.164+09:00  INFO 2528 --- [MySpringBoot3Project] [restartedMain] o.h.o.c.pooling                          : HHH10001005: Database info:
	Database JDBC URL [Connecting through datasource 'HikariDataSource (HikariPool-1)']
	Database driver: undefined/unknown
	Database version: 10.11.5
	Autocommit mode: undefined/unknown
	Isolation level: undefined/unknown
	Minimum pool size: undefined/unknown
	Maximum pool size: undefined/unknown
2025-08-27T14:48:41.807+09:00  INFO 2528 --- [MySpringBoot3Project] [restartedMain] o.h.e.t.j.p.i.JtaPlatformInitiator       : HHH000489: No JTA platform available (set 'hibernate.transaction.jta.platform' to enable JTA platform integration)
2025-08-27T14:48:41.886+09:00  INFO 2528 --- [MySpringBoot3Project] [restartedMain] j.LocalContainerEntityManagerFactoryBean : Initialized JPA EntityManagerFactory for persistence unit 'default'
2025-08-27T14:48:42.216+09:00  INFO 2528 --- [MySpringBoot3Project] [restartedMain] o.s.d.j.r.q.QueryEnhancerFactory         : Hibernate is in classpath; If applicable, HQL parser will be used.
2025-08-27T14:48:42.740+09:00  WARN 2528 --- [MySpringBoot3Project] [restartedMain] JpaBaseConfiguration$JpaWebConfiguration : spring.jpa.open-in-view is enabled by default. Therefore, database queries may be performed during view rendering. Explicitly configure spring.jpa.open-in-view to disable this warning
2025-08-27T14:48:42.767+09:00  INFO 2528 --- [MySpringBoot3Project] [restartedMain] o.s.b.a.w.s.WelcomePageHandlerMapping    : Adding welcome page: class path resource [static/index.html]
2025-08-27T14:48:43.293+09:00  INFO 2528 --- [MySpringBoot3Project] [restartedMain] o.s.b.a.h.H2ConsoleAutoConfiguration     : H2 console available at '/h2-console'. Database available at 'jdbc:mariadb://127.0.0.1/boot_db?user=boot&password=***'
2025-08-27T14:48:43.336+09:00  INFO 2528 --- [MySpringBoot3Project] [restartedMain] o.s.b.d.a.OptionalLiveReloadServer       : LiveReload server is running on port 35729
2025-08-27T14:48:43.345+09:00  INFO 2528 --- [MySpringBoot3Project] [restartedMain] o.s.b.a.e.w.EndpointLinksResolver        : Exposing 15 endpoints beneath base path '/actuator'
2025-08-27T14:48:43.436+09:00  INFO 2528 --- [MySpringBoot3Project] [restartedMain] o.s.b.w.e.t.TomcatWebServer              : Tomcat started on port 8080 (http) with context path '/'
2025-08-27T14:48:43.448+09:00  INFO 2528 --- [MySpringBoot3Project] [restartedMain] c.r.m.MySpringBoot3ProjectApplication    : Started MySpringBoot3ProjectApplication in 5.474 seconds (process running for 6.11)
2025-08-27T14:48:43.527+09:00  INFO 2528 --- [MySpringBoot3Project] [restartedMain] c.r.m.r.DatabaseRunner                   : DataSource 구현객체는 com.zaxxer.hikari.HikariDataSource 
2025-08-27T14:48:43.528+09:00  INFO 2528 --- [MySpringBoot3Project] [restartedMain] c.r.m.r.DatabaseRunner                   : DB Product Name = MariaDB
2025-08-27T14:48:43.528+09:00  INFO 2528 --- [MySpringBoot3Project] [restartedMain] c.r.m.r.DatabaseRunner                   : DB URL = jdbc:mariadb://127.0.0.1/boot_db?user=boot&password=***
2025-08-27T14:48:43.529+09:00  INFO 2528 --- [MySpringBoot3Project] [restartedMain] c.r.m.r.DatabaseRunner                   : DB Username = boot
2025-08-27T14:48:43.529+09:00  INFO 2528 --- [MySpringBoot3Project] [restartedMain] c.r.m.r.MyPropsRunner                    : 현재 활성화된 CustomerVO Bean = CustomVO(mode=운영모드, rate=1.5)
2025-08-27T14:48:43.531+09:00  INFO 2528 --- [MySpringBoot3Project] [restartedMain] c.r.m.r.MyPropsRunner                    : MyBootProperties.getName() = Spring PROD
2025-08-27T14:48:43.531+09:00  INFO 2528 --- [MySpringBoot3Project] [restartedMain] c.r.m.r.MyPropsRunner                    : MyBootProperties.getAge() = 18
2025-08-27T14:48:43.531+09:00  INFO 2528 --- [MySpringBoot3Project] [restartedMain] c.r.m.r.MyPropsRunner                    : MyBootProperties.getFullName() = Spring PROD Boot
2025-08-27T14:48:43.531+09:00  INFO 2528 --- [MySpringBoot3Project] [restartedMain] c.r.m.r.MyPropsRunner                    : Properties myboot.name = Spring PROD
2025-08-27T14:48:43.531+09:00  INFO 2528 --- [MySpringBoot3Project] [restartedMain] c.r.m.r.MyPropsRunner                    : Properties myboot.age = 47
2025-08-27T14:48:43.532+09:00  INFO 2528 --- [MySpringBoot3Project] [restartedMain] c.r.m.r.MyPropsRunner                    : Properties myboot.fullName = Spring PROD Boot
2025-08-27T14:49:40.476+09:00  INFO 2528 --- [MySpringBoot3Project] [http-nio-8080-exec-1] o.a.c.c.C.[.[.[/]                        : Initializing Spring DispatcherServlet 'dispatcherServlet'
2025-08-27T14:49:40.488+09:00  INFO 2528 --- [MySpringBoot3Project] [http-nio-8080-exec-1] o.s.w.s.DispatcherServlet                : Initializing Servlet 'dispatcherServlet'
2025-08-27T14:49:40.490+09:00  INFO 2528 --- [MySpringBoot3Project] [http-nio-8080-exec-1] o.s.w.s.DispatcherServlet                : Completed initialization in 2 ms
2025-08-27T15:43:50.731+09:00 ERROR 2528 --- [MySpringBoot3Project] [http-nio-8080-exec-3] c.r.m.e.a.DefaultExceptionAdvice         : Student already exists with student number: S12345

com.rookies4.myspringboot.exception.BusinessException: Student already exists with student number: S12345
	at com.rookies4.myspringboot.service.StudentService.createStudent(StudentService.java:51) ~[classes/:?]
	at java.base/jdk.internal.reflect.DirectMethodHandleAccessor.invoke(DirectMethodHandleAccessor.java:104) ~[?:?]
	at java.base/java.lang.reflect.Method.invoke(Method.java:565) ~[?:?]
	at org.springframework.aop.support.AopUtils.invokeJoinpointUsingReflection(AopUtils.java:359) ~[spring-aop-6.2.8.jar:6.2.8]
	at org.springframework.aop.framework.ReflectiveMethodInvocation.invokeJoinpoint(ReflectiveMethodInvocation.java:196) ~[spring-aop-6.2.8.jar:6.2.8]
	at org.springframework.aop.framework.ReflectiveMethodInvocation.proceed(ReflectiveMethodInvocation.java:163) ~[spring-aop-6.2.8.jar:6.2.8]
	at org.springframework.transaction.interceptor.TransactionAspectSupport.invokeWithinTransaction(TransactionAspectSupport.java:380) ~[spring-tx-6.2.8.jar:6.2.8]
	at org.springframework.transaction.interceptor.TransactionInterceptor.invoke(TransactionInterceptor.java:119) ~[spring-tx-6.2.8.jar:6.2.8]
	at org.springframework.aop.framework.ReflectiveMethodInvocation.proceed(ReflectiveMethodInvocation.java:184) ~[spring-aop-6.2.8.jar:6.2.8]
	at org.springframework.aop.framework.CglibAopProxy$DynamicAdvisedInterceptor.intercept(CglibAopProxy.java:728) ~[spring-aop-6.2.8.jar:6.2.8]
	at com.rookies4.myspringboot.service.StudentService$$SpringCGLIB$$0.createStudent(<generated>) ~[classes/:?]
	at com.rookies4.myspringboot.controller.StudentController.createStudent(StudentController.java:42) ~[classes/:?]
	at java.base/jdk.internal.reflect.DirectMethodHandleAccessor.invoke(DirectMethodHandleAccessor.java:104) ~[?:?]
	at java.base/java.lang.reflect.Method.invoke(Method.java:565) ~[?:?]
	at org.springframework.web.method.support.InvocableHandlerMethod.doInvoke(InvocableHandlerMethod.java:258) ~[spring-web-6.2.8.jar:6.2.8]
	at org.springframework.web.method.support.InvocableHandlerMethod.invokeForRequest(InvocableHandlerMethod.java:191) ~[spring-web-6.2.8.jar:6.2.8]
	at org.springframework.web.servlet.mvc.method.annotation.ServletInvocableHandlerMethod.invokeAndHandle(ServletInvocableHandlerMethod.java:118) ~[spring-webmvc-6.2.8.jar:6.2.8]
	at org.springframework.web.servlet.mvc.method.annotation.RequestMappingHandlerAdapter.invokeHandlerMethod(RequestMappingHandlerAdapter.java:986) ~[spring-webmvc-6.2.8.jar:6.2.8]
	at org.springframework.web.servlet.mvc.method.annotation.RequestMappingHandlerAdapter.handleInternal(RequestMappingHandlerAdapter.java:891) ~[spring-webmvc-6.2.8.jar:6.2.8]
	at org.springframework.web.servlet.mvc.method.AbstractHandlerMethodAdapter.handle(AbstractHandlerMethodAdapter.java:87) ~[spring-webmvc-6.2.8.jar:6.2.8]
	at org.springframework.web.servlet.DispatcherServlet.doDispatch(DispatcherServlet.java:1089) [spring-webmvc-6.2.8.jar:6.2.8]
	at org.springframework.web.servlet.DispatcherServlet.doService(DispatcherServlet.java:979) [spring-webmvc-6.2.8.jar:6.2.8]
	at org.springframework.web.servlet.FrameworkServlet.processRequest(FrameworkServlet.java:1014) [spring-webmvc-6.2.8.jar:6.2.8]
	at org.springframework.web.servlet.FrameworkServlet.doPost(FrameworkServlet.java:914) [spring-webmvc-6.2.8.jar:6.2.8]
	at jakarta.servlet.http.HttpServlet.service(HttpServlet.java:590) [tomcat-embed-core-10.1.43.jar:6.0]
	at org.springframework.web.servlet.FrameworkServlet.service(FrameworkServlet.java:885) [spring-webmvc-6.2.8.jar:6.2.8]
	at jakarta.servlet.http.HttpServlet.service(HttpServlet.java:658) [tomcat-embed-core-10.1.43.jar:6.0]
	at org.apache.catalina.core.ApplicationFilterChain.internalDoFilter(ApplicationFilterChain.java:195) [tomcat-embed-core-10.1.43.jar:10.1.43]
	at org.apache.catalina.core.ApplicationFilterChain.doFilter(ApplicationFilterChain.java:140) [tomcat-embed-core-10.1.43.jar:10.1.43]
	at org.apache.tomcat.websocket.server.WsFilter.doFilter(WsFilter.java:51) [tomcat-embed-websocket-10.1.43.jar:10.1.43]
	at org.apache.catalina.core.ApplicationFilterChain.internalDoFilter(ApplicationFilterChain.java:164) [tomcat-embed-core-10.1.43.jar:10.1.43]
	at org.apache.catalina.core.ApplicationFilterChain.doFilter(ApplicationFilterChain.java:140) [tomcat-embed-core-10.1.43.jar:10.1.43]
	at org.springframework.web.filter.CorsFilter.doFilterInternal(CorsFilter.java:91) [spring-web-6.2.8.jar:6.2.8]
	at org.springframework.web.filter.OncePerRequestFilter.doFilter(OncePerRequestFilter.java:116) [spring-web-6.2.8.jar:6.2.8]
	at org.apache.catalina.core.ApplicationFilterChain.internalDoFilter(ApplicationFilterChain.java:164) [tomcat-embed-core-10.1.43.jar:10.1.43]
	at org.apache.catalina.core.ApplicationFilterChain.doFilter(ApplicationFilterChain.java:140) [tomcat-embed-core-10.1.43.jar:10.1.43]
	at org.springframework.web.filter.RequestContextFilter.doFilterInternal(RequestContextFilter.java:100) [spring-web-6.2.8.jar:6.2.8]
	at org.springframework.web.filter.OncePerRequestFilter.doFilter(OncePerRequestFilter.java:116) [spring-web-6.2.8.jar:6.2.8]
	at org.apache.catalina.core.ApplicationFilterChain.internalDoFilter(ApplicationFilterChain.java:164) [tomcat-embed-core-10.1.43.jar:10.1.43]
	at org.apache.catalina.core.ApplicationFilterChain.doFilter(ApplicationFilterChain.java:140) [tomcat-embed-core-10.1.43.jar:10.1.43]
	at org.springframework.web.filter.FormContentFilter.doFilterInternal(FormContentFilter.java:93) [spring-web-6.2.8.jar:6.2.8]
	at org.springframework.web.filter.OncePerRequestFilter.doFilter(OncePerRequestFilter.java:116) [spring-web-6.2.8.jar:6.2.8]
	at org.apache.catalina.core.ApplicationFilterChain.internalDoFilter(ApplicationFilterChain.java:164) [tomcat-embed-core-10.1.43.jar:10.1.43]
	at org.apache.catalina.core.ApplicationFilterChain.doFilter(ApplicationFilterChain.java:140) [tomcat-embed-core-10.1.43.jar:10.1.43]
	at org.springframework.web.filter.ServerHttpObservationFilter.doFilterInternal(ServerHttpObservationFilter.java:114) [spring-web-6.2.8.jar:6.2.8]
	at org.springframework.web.filter.OncePerRequestFilter.doFilter(OncePerRequestFilter.java:116) [spring-web-6.2.8.jar:6.2.8]
	at org.apache.catalina.core.ApplicationFilterChain.internalDoFilter(ApplicationFilterChain.java:164) [tomcat-embed-core-10.1.43.jar:10.1.43]
	at org.apache.catalina.core.ApplicationFilterChain.doFilter(ApplicationFilterChain.java:140) [tomcat-embed-core-10.1.43.jar:10.1.43]
	at org.springframework.web.filter.CharacterEncodingFilter.doFilterInternal(CharacterEncodingFilter.java:201) [spring-web-6.2.8.jar:6.2.8]
	at org.springframework.web.filter.OncePerRequestFilter.doFilter(OncePerRequestFilter.java:116) [spring-web-6.2.8.jar:6.2.8]
	at org.apache.catalina.core.ApplicationFilterChain.internalDoFilter(ApplicationFilterChain.java:164) [tomcat-embed-core-10.1.43.jar:10.1.43]
	at org.apache.catalina.core.ApplicationFilterChain.doFilter(ApplicationFilterChain.java:140) [tomcat-embed-core-10.1.43.jar:10.1.43]
	at org.apache.catalina.core.StandardWrapperValve.invoke(StandardWrapperValve.java:167) [tomcat-embed-core-10.1.43.jar:10.1.43]
	at org.apache.catalina.core.StandardContextValve.invoke(StandardContextValve.java:90) [tomcat-embed-core-10.1.43.jar:10.1.43]
	at org.apache.catalina.authenticator.AuthenticatorBase.invoke(AuthenticatorBase.java:483) [tomcat-embed-core-10.1.43.jar:10.1.43]
	at org.apache.catalina.core.StandardHostValve.invoke(StandardHostValve.java:116) [tomcat-embed-core-10.1.43.jar:10.1.43]
	at org.apache.catalina.valves.ErrorReportValve.invoke(ErrorReportValve.java:93) [tomcat-embed-core-10.1.43.jar:10.1.43]
	at org.apache.catalina.core.StandardEngineValve.invoke(StandardEngineValve.java:74) [tomcat-embed-core-10.1.43.jar:10.1.43]
	at org.apache.catalina.connector.CoyoteAdapter.service(CoyoteAdapter.java:344) [tomcat-embed-core-10.1.43.jar:10.1.43]
	at org.apache.coyote.http11.Http11Processor.service(Http11Processor.java:398) [tomcat-embed-core-10.1.43.jar:10.1.43]
	at org.apache.coyote.AbstractProcessorLight.process(AbstractProcessorLight.java:63) [tomcat-embed-core-10.1.43.jar:10.1.43]
	at org.apache.coyote.AbstractProtocol$ConnectionHandler.process(AbstractProtocol.java:903) [tomcat-embed-core-10.1.43.jar:10.1.43]
	at org.apache.tomcat.util.net.NioEndpoint$SocketProcessor.doRun(NioEndpoint.java:1769) [tomcat-embed-core-10.1.43.jar:10.1.43]
	at org.apache.tomcat.util.net.SocketProcessorBase.run(SocketProcessorBase.java:52) [tomcat-embed-core-10.1.43.jar:10.1.43]
	at org.apache.tomcat.util.threads.ThreadPoolExecutor.runWorker(ThreadPoolExecutor.java:1189) [tomcat-embed-core-10.1.43.jar:10.1.43]
	at org.apache.tomcat.util.threads.ThreadPoolExecutor$Worker.run(ThreadPoolExecutor.java:658) [tomcat-embed-core-10.1.43.jar:10.1.43]
	at org.apache.tomcat.util.threads.TaskThread$WrappingRunnable.run(TaskThread.java:63) [tomcat-embed-core-10.1.43.jar:10.1.43]
	at java.base/java.lang.Thread.run(Thread.java:1447) [?:?]

2025-08-27T15:43:50.789+09:00  WARN 2528 --- [MySpringBoot3Project] [http-nio-8080-exec-3] .m.m.a.ExceptionHandlerExceptionResolver : Resolved [com.rookies4.myspringboot.exception.BusinessException: Student already exists with student number: S12345]
2025-08-27T15:44:17.188+09:00 ERROR 2528 --- [MySpringBoot3Project] [http-nio-8080-exec-7] c.r.m.e.a.DefaultExceptionAdvice         : Student already exists with student number: S12345

com.rookies4.myspringboot.exception.BusinessException: Student already exists with student number: S12345
	at com.rookies4.myspringboot.service.StudentService.createStudent(StudentService.java:51) ~[classes/:?]
	at java.base/jdk.internal.reflect.DirectMethodHandleAccessor.invoke(DirectMethodHandleAccessor.java:104) ~[?:?]
	at java.base/java.lang.reflect.Method.invoke(Method.java:565) ~[?:?]
	at org.springframework.aop.support.AopUtils.invokeJoinpointUsingReflection(AopUtils.java:359) ~[spring-aop-6.2.8.jar:6.2.8]
	at org.springframework.aop.framework.ReflectiveMethodInvocation.invokeJoinpoint(ReflectiveMethodInvocation.java:196) ~[spring-aop-6.2.8.jar:6.2.8]
	at org.springframework.aop.framework.ReflectiveMethodInvocation.proceed(ReflectiveMethodInvocation.java:163) ~[spring-aop-6.2.8.jar:6.2.8]
	at org.springframework.transaction.interceptor.TransactionAspectSupport.invokeWithinTransaction(TransactionAspectSupport.java:380) ~[spring-tx-6.2.8.jar:6.2.8]
	at org.springframework.transaction.interceptor.TransactionInterceptor.invoke(TransactionInterceptor.java:119) ~[spring-tx-6.2.8.jar:6.2.8]
	at org.springframework.aop.framework.ReflectiveMethodInvocation.proceed(ReflectiveMethodInvocation.java:184) ~[spring-aop-6.2.8.jar:6.2.8]
	at org.springframework.aop.framework.CglibAopProxy$DynamicAdvisedInterceptor.intercept(CglibAopProxy.java:728) ~[spring-aop-6.2.8.jar:6.2.8]
	at com.rookies4.myspringboot.service.StudentService$$SpringCGLIB$$0.createStudent(<generated>) ~[classes/:?]
	at com.rookies4.myspringboot.controller.StudentController.createStudent(StudentController.java:42) ~[classes/:?]
	at java.base/jdk.internal.reflect.DirectMethodHandleAccessor.invoke(DirectMethodHandleAccessor.java:104) ~[?:?]
	at java.base/java.lang.reflect.Method.invoke(Method.java:565) ~[?:?]
	at org.springframework.web.method.support.InvocableHandlerMethod.doInvoke(InvocableHandlerMethod.java:258) ~[spring-web-6.2.8.jar:6.2.8]
	at org.springframework.web.method.support.InvocableHandlerMethod.invokeForRequest(InvocableHandlerMethod.java:191) ~[spring-web-6.2.8.jar:6.2.8]
	at org.springframework.web.servlet.mvc.method.annotation.ServletInvocableHandlerMethod.invokeAndHandle(ServletInvocableHandlerMethod.java:118) ~[spring-webmvc-6.2.8.jar:6.2.8]
	at org.springframework.web.servlet.mvc.method.annotation.RequestMappingHandlerAdapter.invokeHandlerMethod(RequestMappingHandlerAdapter.java:986) ~[spring-webmvc-6.2.8.jar:6.2.8]
	at org.springframework.web.servlet.mvc.method.annotation.RequestMappingHandlerAdapter.handleInternal(RequestMappingHandlerAdapter.java:891) ~[spring-webmvc-6.2.8.jar:6.2.8]
	at org.springframework.web.servlet.mvc.method.AbstractHandlerMethodAdapter.handle(AbstractHandlerMethodAdapter.java:87) ~[spring-webmvc-6.2.8.jar:6.2.8]
	at org.springframework.web.servlet.DispatcherServlet.doDispatch(DispatcherServlet.java:1089) [spring-webmvc-6.2.8.jar:6.2.8]
	at org.springframework.web.servlet.DispatcherServlet.doService(DispatcherServlet.java:979) [spring-webmvc-6.2.8.jar:6.2.8]
	at org.springframework.web.servlet.FrameworkServlet.processRequest(FrameworkServlet.java:1014) [spring-webmvc-6.2.8.jar:6.2.8]
	at org.springframework.web.servlet.FrameworkServlet.doPost(FrameworkServlet.java:914) [spring-webmvc-6.2.8.jar:6.2.8]
	at jakarta.servlet.http.HttpServlet.service(HttpServlet.java:590) [tomcat-embed-core-10.1.43.jar:6.0]
	at org.springframework.web.servlet.FrameworkServlet.service(FrameworkServlet.java:885) [spring-webmvc-6.2.8.jar:6.2.8]
	at jakarta.servlet.http.HttpServlet.service(HttpServlet.java:658) [tomcat-embed-core-10.1.43.jar:6.0]
	at org.apache.catalina.core.ApplicationFilterChain.internalDoFilter(ApplicationFilterChain.java:195) [tomcat-embed-core-10.1.43.jar:10.1.43]
	at org.apache.catalina.core.ApplicationFilterChain.doFilter(ApplicationFilterChain.java:140) [tomcat-embed-core-10.1.43.jar:10.1.43]
	at org.apache.tomcat.websocket.server.WsFilter.doFilter(WsFilter.java:51) [tomcat-embed-websocket-10.1.43.jar:10.1.43]
	at org.apache.catalina.core.ApplicationFilterChain.internalDoFilter(ApplicationFilterChain.java:164) [tomcat-embed-core-10.1.43.jar:10.1.43]
	at org.apache.catalina.core.ApplicationFilterChain.doFilter(ApplicationFilterChain.java:140) [tomcat-embed-core-10.1.43.jar:10.1.43]
	at org.springframework.web.filter.CorsFilter.doFilterInternal(CorsFilter.java:91) [spring-web-6.2.8.jar:6.2.8]
	at org.springframework.web.filter.OncePerRequestFilter.doFilter(OncePerRequestFilter.java:116) [spring-web-6.2.8.jar:6.2.8]
	at org.apache.catalina.core.ApplicationFilterChain.internalDoFilter(ApplicationFilterChain.java:164) [tomcat-embed-core-10.1.43.jar:10.1.43]
	at org.apache.catalina.core.ApplicationFilterChain.doFilter(ApplicationFilterChain.java:140) [tomcat-embed-core-10.1.43.jar:10.1.43]
	at org.springframework.web.filter.RequestContextFilter.doFilterInternal(RequestContextFilter.java:100) [spring-web-6.2.8.jar:6.2.8]
	at org.springframework.web.filter.OncePerRequestFilter.doFilter(OncePerRequestFilter.java:116) [spring-web-6.2.8.jar:6.2.8]
	at org.apache.catalina.core.ApplicationFilterChain.internalDoFilter(ApplicationFilterChain.java:164) [tomcat-embed-core-10.1.43.jar:10.1.43]
	at org.apache.catalina.core.ApplicationFilterChain.doFilter(ApplicationFilterChain.java:140) [tomcat-embed-core-10.1.43.jar:10.1.43]
	at org.springframework.web.filter.FormContentFilter.doFilterInternal(FormContentFilter.java:93) [spring-web-6.2.8.jar:6.2.8]
	at org.springframework.web.filter.OncePerRequestFilter.doFilter(OncePerRequestFilter.java:116) [spring-web-6.2.8.jar:6.2.8]
	at org.apache.catalina.core.ApplicationFilterChain.internalDoFilter(ApplicationFilterChain.java:164) [tomcat-embed-core-10.1.43.jar:10.1.43]
	at org.apache.catalina.core.ApplicationFilterChain.doFilter(ApplicationFilterChain.java:140) [tomcat-embed-core-10.1.43.jar:10.1.43]
	at org.springframework.web.filter.ServerHttpObservationFilter.doFilterInternal(ServerHttpObservationFilter.java:114) [spring-web-6.2.8.jar:6.2.8]
	at org.springframework.web.filter.OncePerRequestFilter.doFilter(OncePerRequestFilter.java:116) [spring-web-6.2.8.jar:6.2.8]
	at org.apache.catalina.core.ApplicationFilterChain.internalDoFilter(ApplicationFilterChain.java:164) [tomcat-embed-core-10.1.43.jar:10.1.43]
	at org.apache.catalina.core.ApplicationFilterChain.doFilter(ApplicationFilterChain.java:140) [tomcat-embed-core-10.1.43.jar:10.1.43]
	at org.springframework.web.filter.CharacterEncodingFilter.doFilterInternal(CharacterEncodingFilter.java:201) [spring-web-6.2.8.jar:6.2.8]
	at org.springframework.web.filter.OncePerRequestFilter.doFilter(OncePerRequestFilter.java:116) [spring-web-6.2.8.jar:6.2.8]
	at org.apache.catalina.core.ApplicationFilterChain.internalDoFilter(ApplicationFilterChain.java:164) [tomcat-embed-core-10.1.43.jar:10.1.43]
	at org.apache.catalina.core.ApplicationFilterChain.doFilter(ApplicationFilterChain.java:140) [tomcat-embed-core-10.1.43.jar:10.1.43]
	at org.apache.catalina.core.StandardWrapperValve.invoke(StandardWrapperValve.java:167) [tomcat-embed-core-10.1.43.jar:10.1.43]
	at org.apache.catalina.core.StandardContextValve.invoke(StandardContextValve.java:90) [tomcat-embed-core-10.1.43.jar:10.1.43]
	at org.apache.catalina.authenticator.AuthenticatorBase.invoke(AuthenticatorBase.java:483) [tomcat-embed-core-10.1.43.jar:10.1.43]
	at org.apache.catalina.core.StandardHostValve.invoke(StandardHostValve.java:116) [tomcat-embed-core-10.1.43.jar:10.1.43]
	at org.apache.catalina.valves.ErrorReportValve.invoke(ErrorReportValve.java:93) [tomcat-embed-core-10.1.43.jar:10.1.43]
	at org.apache.catalina.core.StandardEngineValve.invoke(StandardEngineValve.java:74) [tomcat-embed-core-10.1.43.jar:10.1.43]
	at org.apache.catalina.connector.CoyoteAdapter.service(CoyoteAdapter.java:344) [tomcat-embed-core-10.1.43.jar:10.1.43]
	at org.apache.coyote.http11.Http11Processor.service(Http11Processor.java:398) [tomcat-embed-core-10.1.43.jar:10.1.43]
	at org.apache.coyote.AbstractProcessorLight.process(AbstractProcessorLight.java:63) [tomcat-embed-core-10.1.43.jar:10.1.43]
	at org.apache.coyote.AbstractProtocol$ConnectionHandler.process(AbstractProtocol.java:903) [tomcat-embed-core-10.1.43.jar:10.1.43]
	at org.apache.tomcat.util.net.NioEndpoint$SocketProcessor.doRun(NioEndpoint.java:1769) [tomcat-embed-core-10.1.43.jar:10.1.43]
	at org.apache.tomcat.util.net.SocketProcessorBase.run(SocketProcessorBase.java:52) [tomcat-embed-core-10.1.43.jar:10.1.43]
	at org.apache.tomcat.util.threads.ThreadPoolExecutor.runWorker(ThreadPoolExecutor.java:1189) [tomcat-embed-core-10.1.43.jar:10.1.43]
	at org.apache.tomcat.util.threads.ThreadPoolExecutor$Worker.run(ThreadPoolExecutor.java:658) [tomcat-embed-core-10.1.43.jar:10.1.43]
	at org.apache.tomcat.util.threads.TaskThread$WrappingRunnable.run(TaskThread.java:63) [tomcat-embed-core-10.1.43.jar:10.1.43]
	at java.base/java.lang.Thread.run(Thread.java:1447) [?:?]

2025-08-27T15:44:17.208+09:00  WARN 2528 --- [MySpringBoot3Project] [http-nio-8080-exec-7] .m.m.a.ExceptionHandlerExceptionResolver : Resolved [com.rookies4.myspringboot.exception.BusinessException: Student already exists with student number: S12345]
2025-08-27T15:44:19.079+09:00 ERROR 2528 --- [MySpringBoot3Project] [http-nio-8080-exec-6] c.r.m.e.a.DefaultExceptionAdvice         : Student already exists with student number: S12345

com.rookies4.myspringboot.exception.BusinessException: Student already exists with student number: S12345
	at com.rookies4.myspringboot.service.StudentService.createStudent(StudentService.java:51) ~[classes/:?]
	at java.base/jdk.internal.reflect.DirectMethodHandleAccessor.invoke(DirectMethodHandleAccessor.java:104) ~[?:?]
	at java.base/java.lang.reflect.Method.invoke(Method.java:565) ~[?:?]
	at org.springframework.aop.support.AopUtils.invokeJoinpointUsingReflection(AopUtils.java:359) ~[spring-aop-6.2.8.jar:6.2.8]
	at org.springframework.aop.framework.ReflectiveMethodInvocation.invokeJoinpoint(ReflectiveMethodInvocation.java:196) ~[spring-aop-6.2.8.jar:6.2.8]
	at org.springframework.aop.framework.ReflectiveMethodInvocation.proceed(ReflectiveMethodInvocation.java:163) ~[spring-aop-6.2.8.jar:6.2.8]
	at org.springframework.transaction.interceptor.TransactionAspectSupport.invokeWithinTransaction(TransactionAspectSupport.java:380) ~[spring-tx-6.2.8.jar:6.2.8]
	at org.springframework.transaction.interceptor.TransactionInterceptor.invoke(TransactionInterceptor.java:119) ~[spring-tx-6.2.8.jar:6.2.8]
	at org.springframework.aop.framework.ReflectiveMethodInvocation.proceed(ReflectiveMethodInvocation.java:184) ~[spring-aop-6.2.8.jar:6.2.8]
	at org.springframework.aop.framework.CglibAopProxy$DynamicAdvisedInterceptor.intercept(CglibAopProxy.java:728) ~[spring-aop-6.2.8.jar:6.2.8]
	at com.rookies4.myspringboot.service.StudentService$$SpringCGLIB$$0.createStudent(<generated>) ~[classes/:?]
	at com.rookies4.myspringboot.controller.StudentController.createStudent(StudentController.java:42) ~[classes/:?]
	at java.base/jdk.internal.reflect.DirectMethodHandleAccessor.invoke(DirectMethodHandleAccessor.java:104) ~[?:?]
	at java.base/java.lang.reflect.Method.invoke(Method.java:565) ~[?:?]
	at org.springframework.web.method.support.InvocableHandlerMethod.doInvoke(InvocableHandlerMethod.java:258) ~[spring-web-6.2.8.jar:6.2.8]
	at org.springframework.web.method.support.InvocableHandlerMethod.invokeForRequest(InvocableHandlerMethod.java:191) ~[spring-web-6.2.8.jar:6.2.8]
	at org.springframework.web.servlet.mvc.method.annotation.ServletInvocableHandlerMethod.invokeAndHandle(ServletInvocableHandlerMethod.java:118) ~[spring-webmvc-6.2.8.jar:6.2.8]
	at org.springframework.web.servlet.mvc.method.annotation.RequestMappingHandlerAdapter.invokeHandlerMethod(RequestMappingHandlerAdapter.java:986) ~[spring-webmvc-6.2.8.jar:6.2.8]
	at org.springframework.web.servlet.mvc.method.annotation.RequestMappingHandlerAdapter.handleInternal(RequestMappingHandlerAdapter.java:891) ~[spring-webmvc-6.2.8.jar:6.2.8]
	at org.springframework.web.servlet.mvc.method.AbstractHandlerMethodAdapter.handle(AbstractHandlerMethodAdapter.java:87) ~[spring-webmvc-6.2.8.jar:6.2.8]
	at org.springframework.web.servlet.DispatcherServlet.doDispatch(DispatcherServlet.java:1089) [spring-webmvc-6.2.8.jar:6.2.8]
	at org.springframework.web.servlet.DispatcherServlet.doService(DispatcherServlet.java:979) [spring-webmvc-6.2.8.jar:6.2.8]
	at org.springframework.web.servlet.FrameworkServlet.processRequest(FrameworkServlet.java:1014) [spring-webmvc-6.2.8.jar:6.2.8]
	at org.springframework.web.servlet.FrameworkServlet.doPost(FrameworkServlet.java:914) [spring-webmvc-6.2.8.jar:6.2.8]
	at jakarta.servlet.http.HttpServlet.service(HttpServlet.java:590) [tomcat-embed-core-10.1.43.jar:6.0]
	at org.springframework.web.servlet.FrameworkServlet.service(FrameworkServlet.java:885) [spring-webmvc-6.2.8.jar:6.2.8]
	at jakarta.servlet.http.HttpServlet.service(HttpServlet.java:658) [tomcat-embed-core-10.1.43.jar:6.0]
	at org.apache.catalina.core.ApplicationFilterChain.internalDoFilter(ApplicationFilterChain.java:195) [tomcat-embed-core-10.1.43.jar:10.1.43]
	at org.apache.catalina.core.ApplicationFilterChain.doFilter(ApplicationFilterChain.java:140) [tomcat-embed-core-10.1.43.jar:10.1.43]
	at org.apache.tomcat.websocket.server.WsFilter.doFilter(WsFilter.java:51) [tomcat-embed-websocket-10.1.43.jar:10.1.43]
	at org.apache.catalina.core.ApplicationFilterChain.internalDoFilter(ApplicationFilterChain.java:164) [tomcat-embed-core-10.1.43.jar:10.1.43]
	at org.apache.catalina.core.ApplicationFilterChain.doFilter(ApplicationFilterChain.java:140) [tomcat-embed-core-10.1.43.jar:10.1.43]
	at org.springframework.web.filter.CorsFilter.doFilterInternal(CorsFilter.java:91) [spring-web-6.2.8.jar:6.2.8]
	at org.springframework.web.filter.OncePerRequestFilter.doFilter(OncePerRequestFilter.java:116) [spring-web-6.2.8.jar:6.2.8]
	at org.apache.catalina.core.ApplicationFilterChain.internalDoFilter(ApplicationFilterChain.java:164) [tomcat-embed-core-10.1.43.jar:10.1.43]
	at org.apache.catalina.core.ApplicationFilterChain.doFilter(ApplicationFilterChain.java:140) [tomcat-embed-core-10.1.43.jar:10.1.43]
	at org.springframework.web.filter.RequestContextFilter.doFilterInternal(RequestContextFilter.java:100) [spring-web-6.2.8.jar:6.2.8]
	at org.springframework.web.filter.OncePerRequestFilter.doFilter(OncePerRequestFilter.java:116) [spring-web-6.2.8.jar:6.2.8]
	at org.apache.catalina.core.ApplicationFilterChain.internalDoFilter(ApplicationFilterChain.java:164) [tomcat-embed-core-10.1.43.jar:10.1.43]
	at org.apache.catalina.core.ApplicationFilterChain.doFilter(ApplicationFilterChain.java:140) [tomcat-embed-core-10.1.43.jar:10.1.43]
	at org.springframework.web.filter.FormContentFilter.doFilterInternal(FormContentFilter.java:93) [spring-web-6.2.8.jar:6.2.8]
	at org.springframework.web.filter.OncePerRequestFilter.doFilter(OncePerRequestFilter.java:116) [spring-web-6.2.8.jar:6.2.8]
	at org.apache.catalina.core.ApplicationFilterChain.internalDoFilter(ApplicationFilterChain.java:164) [tomcat-embed-core-10.1.43.jar:10.1.43]
	at org.apache.catalina.core.ApplicationFilterChain.doFilter(ApplicationFilterChain.java:140) [tomcat-embed-core-10.1.43.jar:10.1.43]
	at org.springframework.web.filter.ServerHttpObservationFilter.doFilterInternal(ServerHttpObservationFilter.java:114) [spring-web-6.2.8.jar:6.2.8]
	at org.springframework.web.filter.OncePerRequestFilter.doFilter(OncePerRequestFilter.java:116) [spring-web-6.2.8.jar:6.2.8]
	at org.apache.catalina.core.ApplicationFilterChain.internalDoFilter(ApplicationFilterChain.java:164) [tomcat-embed-core-10.1.43.jar:10.1.43]
	at org.apache.catalina.core.ApplicationFilterChain.doFilter(ApplicationFilterChain.java:140) [tomcat-embed-core-10.1.43.jar:10.1.43]
	at org.springframework.web.filter.CharacterEncodingFilter.doFilterInternal(CharacterEncodingFilter.java:201) [spring-web-6.2.8.jar:6.2.8]
	at org.springframework.web.filter.OncePerRequestFilter.doFilter(OncePerRequestFilter.java:116) [spring-web-6.2.8.jar:6.2.8]
	at org.apache.catalina.core.ApplicationFilterChain.internalDoFilter(ApplicationFilterChain.java:164) [tomcat-embed-core-10.1.43.jar:10.1.43]
	at org.apache.catalina.core.ApplicationFilterChain.doFilter(ApplicationFilterChain.java:140) [tomcat-embed-core-10.1.43.jar:10.1.43]
	at org.apache.catalina.core.StandardWrapperValve.invoke(StandardWrapperValve.java:167) [tomcat-embed-core-10.1.43.jar:10.1.43]
	at org.apache.catalina.core.StandardContextValve.invoke(StandardContextValve.java:90) [tomcat-embed-core-10.1.43.jar:10.1.43]
	at org.apache.catalina.authenticator.AuthenticatorBase.invoke(AuthenticatorBase.java:483) [tomcat-embed-core-10.1.43.jar:10.1.43]
	at org.apache.catalina.core.StandardHostValve.invoke(StandardHostValve.java:116) [tomcat-embed-core-10.1.43.jar:10.1.43]
	at org.apache.catalina.valves.ErrorReportValve.invoke(ErrorReportValve.java:93) [tomcat-embed-core-10.1.43.jar:10.1.43]
	at org.apache.catalina.core.StandardEngineValve.invoke(StandardEngineValve.java:74) [tomcat-embed-core-10.1.43.jar:10.1.43]
	at org.apache.catalina.connector.CoyoteAdapter.service(CoyoteAdapter.java:344) [tomcat-embed-core-10.1.43.jar:10.1.43]
	at org.apache.coyote.http11.Http11Processor.service(Http11Processor.java:398) [tomcat-embed-core-10.1.43.jar:10.1.43]
	at org.apache.coyote.AbstractProcessorLight.process(AbstractProcessorLight.java:63) [tomcat-embed-core-10.1.43.jar:10.1.43]
	at org.apache.coyote.AbstractProtocol$ConnectionHandler.process(AbstractProtocol.java:903) [tomcat-embed-core-10.1.43.jar:10.1.43]
	at org.apache.tomcat.util.net.NioEndpoint$SocketProcessor.doRun(NioEndpoint.java:1769) [tomcat-embed-core-10.1.43.jar:10.1.43]
	at org.apache.tomcat.util.net.SocketProcessorBase.run(SocketProcessorBase.java:52) [tomcat-embed-core-10.1.43.jar:10.1.43]
	at org.apache.tomcat.util.threads.ThreadPoolExecutor.runWorker(ThreadPoolExecutor.java:1189) [tomcat-embed-core-10.1.43.jar:10.1.43]
	at org.apache.tomcat.util.threads.ThreadPoolExecutor$Worker.run(ThreadPoolExecutor.java:658) [tomcat-embed-core-10.1.43.jar:10.1.43]
	at org.apache.tomcat.util.threads.TaskThread$WrappingRunnable.run(TaskThread.java:63) [tomcat-embed-core-10.1.43.jar:10.1.43]
	at java.base/java.lang.Thread.run(Thread.java:1447) [?:?]

2025-08-27T15:44:19.088+09:00  WARN 2528 --- [MySpringBoot3Project] [http-nio-8080-exec-6] .m.m.a.ExceptionHandlerExceptionResolver : Resolved [com.rookies4.myspringboot.exception.BusinessException: Student already exists with student number: S12345]
2025-08-27T15:44:19.528+09:00 ERROR 2528 --- [MySpringBoot3Project] [http-nio-8080-exec-5] c.r.m.e.a.DefaultExceptionAdvice         : Student already exists with student number: S12345

com.rookies4.myspringboot.exception.BusinessException: Student already exists with student number: S12345
	at com.rookies4.myspringboot.service.StudentService.createStudent(StudentService.java:51) ~[classes/:?]
	at java.base/jdk.internal.reflect.DirectMethodHandleAccessor.invoke(DirectMethodHandleAccessor.java:104) ~[?:?]
	at java.base/java.lang.reflect.Method.invoke(Method.java:565) ~[?:?]
	at org.springframework.aop.support.AopUtils.invokeJoinpointUsingReflection(AopUtils.java:359) ~[spring-aop-6.2.8.jar:6.2.8]
	at org.springframework.aop.framework.ReflectiveMethodInvocation.invokeJoinpoint(ReflectiveMethodInvocation.java:196) ~[spring-aop-6.2.8.jar:6.2.8]
	at org.springframework.aop.framework.ReflectiveMethodInvocation.proceed(ReflectiveMethodInvocation.java:163) ~[spring-aop-6.2.8.jar:6.2.8]
	at org.springframework.transaction.interceptor.TransactionAspectSupport.invokeWithinTransaction(TransactionAspectSupport.java:380) ~[spring-tx-6.2.8.jar:6.2.8]
	at org.springframework.transaction.interceptor.TransactionInterceptor.invoke(TransactionInterceptor.java:119) ~[spring-tx-6.2.8.jar:6.2.8]
	at org.springframework.aop.framework.ReflectiveMethodInvocation.proceed(ReflectiveMethodInvocation.java:184) ~[spring-aop-6.2.8.jar:6.2.8]
	at org.springframework.aop.framework.CglibAopProxy$DynamicAdvisedInterceptor.intercept(CglibAopProxy.java:728) ~[spring-aop-6.2.8.jar:6.2.8]
	at com.rookies4.myspringboot.service.StudentService$$SpringCGLIB$$0.createStudent(<generated>) ~[classes/:?]
	at com.rookies4.myspringboot.controller.StudentController.createStudent(StudentController.java:42) ~[classes/:?]
	at java.base/jdk.internal.reflect.DirectMethodHandleAccessor.invoke(DirectMethodHandleAccessor.java:104) ~[?:?]
	at java.base/java.lang.reflect.Method.invoke(Method.java:565) ~[?:?]
	at org.springframework.web.method.support.InvocableHandlerMethod.doInvoke(InvocableHandlerMethod.java:258) ~[spring-web-6.2.8.jar:6.2.8]
	at org.springframework.web.method.support.InvocableHandlerMethod.invokeForRequest(InvocableHandlerMethod.java:191) ~[spring-web-6.2.8.jar:6.2.8]
	at org.springframework.web.servlet.mvc.method.annotation.ServletInvocableHandlerMethod.invokeAndHandle(ServletInvocableHandlerMethod.java:118) ~[spring-webmvc-6.2.8.jar:6.2.8]
	at org.springframework.web.servlet.mvc.method.annotation.RequestMappingHandlerAdapter.invokeHandlerMethod(RequestMappingHandlerAdapter.java:986) ~[spring-webmvc-6.2.8.jar:6.2.8]
	at org.springframework.web.servlet.mvc.method.annotation.RequestMappingHandlerAdapter.handleInternal(RequestMappingHandlerAdapter.java:891) ~[spring-webmvc-6.2.8.jar:6.2.8]
	at org.springframework.web.servlet.mvc.method.AbstractHandlerMethodAdapter.handle(AbstractHandlerMethodAdapter.java:87) ~[spring-webmvc-6.2.8.jar:6.2.8]
	at org.springframework.web.servlet.DispatcherServlet.doDispatch(DispatcherServlet.java:1089) [spring-webmvc-6.2.8.jar:6.2.8]
	at org.springframework.web.servlet.DispatcherServlet.doService(DispatcherServlet.java:979) [spring-webmvc-6.2.8.jar:6.2.8]
	at org.springframework.web.servlet.FrameworkServlet.processRequest(FrameworkServlet.java:1014) [spring-webmvc-6.2.8.jar:6.2.8]
	at org.springframework.web.servlet.FrameworkServlet.doPost(FrameworkServlet.java:914) [spring-webmvc-6.2.8.jar:6.2.8]
	at jakarta.servlet.http.HttpServlet.service(HttpServlet.java:590) [tomcat-embed-core-10.1.43.jar:6.0]
	at org.springframework.web.servlet.FrameworkServlet.service(FrameworkServlet.java:885) [spring-webmvc-6.2.8.jar:6.2.8]
	at jakarta.servlet.http.HttpServlet.service(HttpServlet.java:658) [tomcat-embed-core-10.1.43.jar:6.0]
	at org.apache.catalina.core.ApplicationFilterChain.internalDoFilter(ApplicationFilterChain.java:195) [tomcat-embed-core-10.1.43.jar:10.1.43]
	at org.apache.catalina.core.ApplicationFilterChain.doFilter(ApplicationFilterChain.java:140) [tomcat-embed-core-10.1.43.jar:10.1.43]
	at org.apache.tomcat.websocket.server.WsFilter.doFilter(WsFilter.java:51) [tomcat-embed-websocket-10.1.43.jar:10.1.43]
	at org.apache.catalina.core.ApplicationFilterChain.internalDoFilter(ApplicationFilterChain.java:164) [tomcat-embed-core-10.1.43.jar:10.1.43]
	at org.apache.catalina.core.ApplicationFilterChain.doFilter(ApplicationFilterChain.java:140) [tomcat-embed-core-10.1.43.jar:10.1.43]
	at org.springframework.web.filter.CorsFilter.doFilterInternal(CorsFilter.java:91) [spring-web-6.2.8.jar:6.2.8]
	at org.springframework.web.filter.OncePerRequestFilter.doFilter(OncePerRequestFilter.java:116) [spring-web-6.2.8.jar:6.2.8]
	at org.apache.catalina.core.ApplicationFilterChain.internalDoFilter(ApplicationFilterChain.java:164) [tomcat-embed-core-10.1.43.jar:10.1.43]
	at org.apache.catalina.core.ApplicationFilterChain.doFilter(ApplicationFilterChain.java:140) [tomcat-embed-core-10.1.43.jar:10.1.43]
	at org.springframework.web.filter.RequestContextFilter.doFilterInternal(RequestContextFilter.java:100) [spring-web-6.2.8.jar:6.2.8]
	at org.springframework.web.filter.OncePerRequestFilter.doFilter(OncePerRequestFilter.java:116) [spring-web-6.2.8.jar:6.2.8]
	at org.apache.catalina.core.ApplicationFilterChain.internalDoFilter(ApplicationFilterChain.java:164) [tomcat-embed-core-10.1.43.jar:10.1.43]
	at org.apache.catalina.core.ApplicationFilterChain.doFilter(ApplicationFilterChain.java:140) [tomcat-embed-core-10.1.43.jar:10.1.43]
	at org.springframework.web.filter.FormContentFilter.doFilterInternal(FormContentFilter.java:93) [spring-web-6.2.8.jar:6.2.8]
	at org.springframework.web.filter.OncePerRequestFilter.doFilter(OncePerRequestFilter.java:116) [spring-web-6.2.8.jar:6.2.8]
	at org.apache.catalina.core.ApplicationFilterChain.internalDoFilter(ApplicationFilterChain.java:164) [tomcat-embed-core-10.1.43.jar:10.1.43]
	at org.apache.catalina.core.ApplicationFilterChain.doFilter(ApplicationFilterChain.java:140) [tomcat-embed-core-10.1.43.jar:10.1.43]
	at org.springframework.web.filter.ServerHttpObservationFilter.doFilterInternal(ServerHttpObservationFilter.java:114) [spring-web-6.2.8.jar:6.2.8]
	at org.springframework.web.filter.OncePerRequestFilter.doFilter(OncePerRequestFilter.java:116) [spring-web-6.2.8.jar:6.2.8]
	at org.apache.catalina.core.ApplicationFilterChain.internalDoFilter(ApplicationFilterChain.java:164) [tomcat-embed-core-10.1.43.jar:10.1.43]
	at org.apache.catalina.core.ApplicationFilterChain.doFilter(ApplicationFilterChain.java:140) [tomcat-embed-core-10.1.43.jar:10.1.43]
	at org.springframework.web.filter.CharacterEncodingFilter.doFilterInternal(CharacterEncodingFilter.java:201) [spring-web-6.2.8.jar:6.2.8]
	at org.springframework.web.filter.OncePerRequestFilter.doFilter(OncePerRequestFilter.java:116) [spring-web-6.2.8.jar:6.2.8]
	at org.apache.catalina.core.ApplicationFilterChain.internalDoFilter(ApplicationFilterChain.java:164) [tomcat-embed-core-10.1.43.jar:10.1.43]
	at org.apache.catalina.core.ApplicationFilterChain.doFilter(ApplicationFilterChain.java:140) [tomcat-embed-core-10.1.43.jar:10.1.43]
	at org.apache.catalina.core.StandardWrapperValve.invoke(StandardWrapperValve.java:167) [tomcat-embed-core-10.1.43.jar:10.1.43]
	at org.apache.catalina.core.StandardContextValve.invoke(StandardContextValve.java:90) [tomcat-embed-core-10.1.43.jar:10.1.43]
	at org.apache.catalina.authenticator.AuthenticatorBase.invoke(AuthenticatorBase.java:483) [tomcat-embed-core-10.1.43.jar:10.1.43]
	at org.apache.catalina.core.StandardHostValve.invoke(StandardHostValve.java:116) [tomcat-embed-core-10.1.43.jar:10.1.43]
	at org.apache.catalina.valves.ErrorReportValve.invoke(ErrorReportValve.java:93) [tomcat-embed-core-10.1.43.jar:10.1.43]
	at org.apache.catalina.core.StandardEngineValve.invoke(StandardEngineValve.java:74) [tomcat-embed-core-10.1.43.jar:10.1.43]
	at org.apache.catalina.connector.CoyoteAdapter.service(CoyoteAdapter.java:344) [tomcat-embed-core-10.1.43.jar:10.1.43]
	at org.apache.coyote.http11.Http11Processor.service(Http11Processor.java:398) [tomcat-embed-core-10.1.43.jar:10.1.43]
	at org.apache.coyote.AbstractProcessorLight.process(AbstractProcessorLight.java:63) [tomcat-embed-core-10.1.43.jar:10.1.43]
	at org.apache.coyote.AbstractProtocol$ConnectionHandler.process(AbstractProtocol.java:903) [tomcat-embed-core-10.1.43.jar:10.1.43]
	at org.apache.tomcat.util.net.NioEndpoint$SocketProcessor.doRun(NioEndpoint.java:1769) [tomcat-embed-core-10.1.43.jar:10.1.43]
	at org.apache.tomcat.util.net.SocketProcessorBase.run(SocketProcessorBase.java:52) [tomcat-embed-core-10.1.43.jar:10.1.43]
	at org.apache.tomcat.util.threads.ThreadPoolExecutor.runWorker(ThreadPoolExecutor.java:1189) [tomcat-embed-core-10.1.43.jar:10.1.43]
	at org.apache.tomcat.util.threads.ThreadPoolExecutor$Worker.run(ThreadPoolExecutor.java:658) [tomcat-embed-core-10.1.43.jar:10.1.43]
	at org.apache.tomcat.util.threads.TaskThread$WrappingRunnable.run(TaskThread.java:63) [tomcat-embed-core-10.1.43.jar:10.1.43]
	at java.base/java.lang.Thread.run(Thread.java:1447) [?:?]

2025-08-27T15:44:19.539+09:00  WARN 2528 --- [MySpringBoot3Project] [http-nio-8080-exec-5] .m.m.a.ExceptionHandlerExceptionResolver : Resolved [com.rookies4.myspringboot.exception.BusinessException: Student already exists with student number: S12345]
2025-08-27T15:44:23.476+09:00 ERROR 2528 --- [MySpringBoot3Project] [http-nio-8080-exec-8] c.r.m.e.a.DefaultExceptionAdvice         : Student detail already exists with email: aa@a.com

com.rookies4.myspringboot.exception.BusinessException: Student detail already exists with email: aa@a.com
	at com.rookies4.myspringboot.service.StudentService.createStudent(StudentService.java:59) ~[classes/:?]
	at java.base/jdk.internal.reflect.DirectMethodHandleAccessor.invoke(DirectMethodHandleAccessor.java:104) ~[?:?]
	at java.base/java.lang.reflect.Method.invoke(Method.java:565) ~[?:?]
	at org.springframework.aop.support.AopUtils.invokeJoinpointUsingReflection(AopUtils.java:359) ~[spring-aop-6.2.8.jar:6.2.8]
	at org.springframework.aop.framework.ReflectiveMethodInvocation.invokeJoinpoint(ReflectiveMethodInvocation.java:196) ~[spring-aop-6.2.8.jar:6.2.8]
	at org.springframework.aop.framework.ReflectiveMethodInvocation.proceed(ReflectiveMethodInvocation.java:163) ~[spring-aop-6.2.8.jar:6.2.8]
	at org.springframework.transaction.interceptor.TransactionAspectSupport.invokeWithinTransaction(TransactionAspectSupport.java:380) ~[spring-tx-6.2.8.jar:6.2.8]
	at org.springframework.transaction.interceptor.TransactionInterceptor.invoke(TransactionInterceptor.java:119) ~[spring-tx-6.2.8.jar:6.2.8]
	at org.springframework.aop.framework.ReflectiveMethodInvocation.proceed(ReflectiveMethodInvocation.java:184) ~[spring-aop-6.2.8.jar:6.2.8]
	at org.springframework.aop.framework.CglibAopProxy$DynamicAdvisedInterceptor.intercept(CglibAopProxy.java:728) ~[spring-aop-6.2.8.jar:6.2.8]
	at com.rookies4.myspringboot.service.StudentService$$SpringCGLIB$$0.createStudent(<generated>) ~[classes/:?]
	at com.rookies4.myspringboot.controller.StudentController.createStudent(StudentController.java:42) ~[classes/:?]
	at java.base/jdk.internal.reflect.DirectMethodHandleAccessor.invoke(DirectMethodHandleAccessor.java:104) ~[?:?]
	at java.base/java.lang.reflect.Method.invoke(Method.java:565) ~[?:?]
	at org.springframework.web.method.support.InvocableHandlerMethod.doInvoke(InvocableHandlerMethod.java:258) ~[spring-web-6.2.8.jar:6.2.8]
	at org.springframework.web.method.support.InvocableHandlerMethod.invokeForRequest(InvocableHandlerMethod.java:191) ~[spring-web-6.2.8.jar:6.2.8]
	at org.springframework.web.servlet.mvc.method.annotation.ServletInvocableHandlerMethod.invokeAndHandle(ServletInvocableHandlerMethod.java:118) ~[spring-webmvc-6.2.8.jar:6.2.8]
	at org.springframework.web.servlet.mvc.method.annotation.RequestMappingHandlerAdapter.invokeHandlerMethod(RequestMappingHandlerAdapter.java:986) ~[spring-webmvc-6.2.8.jar:6.2.8]
	at org.springframework.web.servlet.mvc.method.annotation.RequestMappingHandlerAdapter.handleInternal(RequestMappingHandlerAdapter.java:891) ~[spring-webmvc-6.2.8.jar:6.2.8]
	at org.springframework.web.servlet.mvc.method.AbstractHandlerMethodAdapter.handle(AbstractHandlerMethodAdapter.java:87) ~[spring-webmvc-6.2.8.jar:6.2.8]
	at org.springframework.web.servlet.DispatcherServlet.doDispatch(DispatcherServlet.java:1089) [spring-webmvc-6.2.8.jar:6.2.8]
	at org.springframework.web.servlet.DispatcherServlet.doService(DispatcherServlet.java:979) [spring-webmvc-6.2.8.jar:6.2.8]
	at org.springframework.web.servlet.FrameworkServlet.processRequest(FrameworkServlet.java:1014) [spring-webmvc-6.2.8.jar:6.2.8]
	at org.springframework.web.servlet.FrameworkServlet.doPost(FrameworkServlet.java:914) [spring-webmvc-6.2.8.jar:6.2.8]
	at jakarta.servlet.http.HttpServlet.service(HttpServlet.java:590) [tomcat-embed-core-10.1.43.jar:6.0]
	at org.springframework.web.servlet.FrameworkServlet.service(FrameworkServlet.java:885) [spring-webmvc-6.2.8.jar:6.2.8]
	at jakarta.servlet.http.HttpServlet.service(HttpServlet.java:658) [tomcat-embed-core-10.1.43.jar:6.0]
	at org.apache.catalina.core.ApplicationFilterChain.internalDoFilter(ApplicationFilterChain.java:195) [tomcat-embed-core-10.1.43.jar:10.1.43]
	at org.apache.catalina.core.ApplicationFilterChain.doFilter(ApplicationFilterChain.java:140) [tomcat-embed-core-10.1.43.jar:10.1.43]
	at org.apache.tomcat.websocket.server.WsFilter.doFilter(WsFilter.java:51) [tomcat-embed-websocket-10.1.43.jar:10.1.43]
	at org.apache.catalina.core.ApplicationFilterChain.internalDoFilter(ApplicationFilterChain.java:164) [tomcat-embed-core-10.1.43.jar:10.1.43]
	at org.apache.catalina.core.ApplicationFilterChain.doFilter(ApplicationFilterChain.java:140) [tomcat-embed-core-10.1.43.jar:10.1.43]
	at org.springframework.web.filter.CorsFilter.doFilterInternal(CorsFilter.java:91) [spring-web-6.2.8.jar:6.2.8]
	at org.springframework.web.filter.OncePerRequestFilter.doFilter(OncePerRequestFilter.java:116) [spring-web-6.2.8.jar:6.2.8]
	at org.apache.catalina.core.ApplicationFilterChain.internalDoFilter(ApplicationFilterChain.java:164) [tomcat-embed-core-10.1.43.jar:10.1.43]
	at org.apache.catalina.core.ApplicationFilterChain.doFilter(ApplicationFilterChain.java:140) [tomcat-embed-core-10.1.43.jar:10.1.43]
	at org.springframework.web.filter.RequestContextFilter.doFilterInternal(RequestContextFilter.java:100) [spring-web-6.2.8.jar:6.2.8]
	at org.springframework.web.filter.OncePerRequestFilter.doFilter(OncePerRequestFilter.java:116) [spring-web-6.2.8.jar:6.2.8]
	at org.apache.catalina.core.ApplicationFilterChain.internalDoFilter(ApplicationFilterChain.java:164) [tomcat-embed-core-10.1.43.jar:10.1.43]
	at org.apache.catalina.core.ApplicationFilterChain.doFilter(ApplicationFilterChain.java:140) [tomcat-embed-core-10.1.43.jar:10.1.43]
	at org.springframework.web.filter.FormContentFilter.doFilterInternal(FormContentFilter.java:93) [spring-web-6.2.8.jar:6.2.8]
	at org.springframework.web.filter.OncePerRequestFilter.doFilter(OncePerRequestFilter.java:116) [spring-web-6.2.8.jar:6.2.8]
	at org.apache.catalina.core.ApplicationFilterChain.internalDoFilter(ApplicationFilterChain.java:164) [tomcat-embed-core-10.1.43.jar:10.1.43]
	at org.apache.catalina.core.ApplicationFilterChain.doFilter(ApplicationFilterChain.java:140) [tomcat-embed-core-10.1.43.jar:10.1.43]
	at org.springframework.web.filter.ServerHttpObservationFilter.doFilterInternal(ServerHttpObservationFilter.java:114) [spring-web-6.2.8.jar:6.2.8]
	at org.springframework.web.filter.OncePerRequestFilter.doFilter(OncePerRequestFilter.java:116) [spring-web-6.2.8.jar:6.2.8]
	at org.apache.catalina.core.ApplicationFilterChain.internalDoFilter(ApplicationFilterChain.java:164) [tomcat-embed-core-10.1.43.jar:10.1.43]
	at org.apache.catalina.core.ApplicationFilterChain.doFilter(ApplicationFilterChain.java:140) [tomcat-embed-core-10.1.43.jar:10.1.43]
	at org.springframework.web.filter.CharacterEncodingFilter.doFilterInternal(CharacterEncodingFilter.java:201) [spring-web-6.2.8.jar:6.2.8]
	at org.springframework.web.filter.OncePerRequestFilter.doFilter(OncePerRequestFilter.java:116) [spring-web-6.2.8.jar:6.2.8]
	at org.apache.catalina.core.ApplicationFilterChain.internalDoFilter(ApplicationFilterChain.java:164) [tomcat-embed-core-10.1.43.jar:10.1.43]
	at org.apache.catalina.core.ApplicationFilterChain.doFilter(ApplicationFilterChain.java:140) [tomcat-embed-core-10.1.43.jar:10.1.43]
	at org.apache.catalina.core.StandardWrapperValve.invoke(StandardWrapperValve.java:167) [tomcat-embed-core-10.1.43.jar:10.1.43]
	at org.apache.catalina.core.StandardContextValve.invoke(StandardContextValve.java:90) [tomcat-embed-core-10.1.43.jar:10.1.43]
	at org.apache.catalina.authenticator.AuthenticatorBase.invoke(AuthenticatorBase.java:483) [tomcat-embed-core-10.1.43.jar:10.1.43]
	at org.apache.catalina.core.StandardHostValve.invoke(StandardHostValve.java:116) [tomcat-embed-core-10.1.43.jar:10.1.43]
	at org.apache.catalina.valves.ErrorReportValve.invoke(ErrorReportValve.java:93) [tomcat-embed-core-10.1.43.jar:10.1.43]
	at org.apache.catalina.core.StandardEngineValve.invoke(StandardEngineValve.java:74) [tomcat-embed-core-10.1.43.jar:10.1.43]
	at org.apache.catalina.connector.CoyoteAdapter.service(CoyoteAdapter.java:344) [tomcat-embed-core-10.1.43.jar:10.1.43]
	at org.apache.coyote.http11.Http11Processor.service(Http11Processor.java:398) [tomcat-embed-core-10.1.43.jar:10.1.43]
	at org.apache.coyote.AbstractProcessorLight.process(AbstractProcessorLight.java:63) [tomcat-embed-core-10.1.43.jar:10.1.43]
	at org.apache.coyote.AbstractProtocol$ConnectionHandler.process(AbstractProtocol.java:903) [tomcat-embed-core-10.1.43.jar:10.1.43]
	at org.apache.tomcat.util.net.NioEndpoint$SocketProcessor.doRun(NioEndpoint.java:1769) [tomcat-embed-core-10.1.43.jar:10.1.43]
	at org.apache.tomcat.util.net.SocketProcessorBase.run(SocketProcessorBase.java:52) [tomcat-embed-core-10.1.43.jar:10.1.43]
	at org.apache.tomcat.util.threads.ThreadPoolExecutor.runWorker(ThreadPoolExecutor.java:1189) [tomcat-embed-core-10.1.43.jar:10.1.43]
	at org.apache.tomcat.util.threads.ThreadPoolExecutor$Worker.run(ThreadPoolExecutor.java:658) [tomcat-embed-core-10.1.43.jar:10.1.43]
	at org.apache.tomcat.util.threads.TaskThread$WrappingRunnable.run(TaskThread.java:63) [tomcat-embed-core-10.1.43.jar:10.1.43]
	at java.base/java.lang.Thread.run(Thread.java:1447) [?:?]

2025-08-27T15:44:23.485+09:00  WARN 2528 --- [MySpringBoot3Project] [http-nio-8080-exec-8] .m.m.a.ExceptionHandlerExceptionResolver : Resolved [com.rookies4.myspringboot.exception.BusinessException: Student detail already exists with email: aa@a.com]
2025-08-27T15:54:40.251+09:00  INFO 2528 --- [MySpringBoot3Project] [SpringApplicationShutdownHook] o.s.b.w.e.t.GracefulShutdown             : Commencing graceful shutdown. Waiting for active requests to complete
2025-08-27T15:54:40.279+09:00  INFO 2528 --- [MySpringBoot3Project] [tomcat-shutdown] o.s.b.w.e.t.GracefulShutdown             : Graceful shutdown complete
2025-08-27T15:54:40.305+09:00  INFO 2528 --- [MySpringBoot3Project] [SpringApplicationShutdownHook] j.LocalContainerEntityManagerFactoryBean : Closing JPA EntityManagerFactory for persistence unit 'default'
2025-08-27T15:54:40.318+09:00  INFO 2528 --- [MySpringBoot3Project] [SpringApplicationShutdownHook] c.z.h.HikariDataSource                   : HikariPool-1 - Shutdown initiated...
2025-08-27T15:54:40.339+09:00  INFO 2528 --- [MySpringBoot3Project] [SpringApplicationShutdownHook] c.z.h.HikariDataSource                   : HikariPool-1 - Shutdown completed.
